replay_idx,beatmap_name,mod_str,nm_stars,neg_loglik_FC,neg_loglik_SS_given_FC
52,Inferi - Those Who from the Heavens Came [Fengshen Yanyi],EZDT,7.720248694,87.80913747,133.5049605
913,xi - FREEDOM DiVE [Arles],NF,9.700611217,85.68041548,94.2760246
70,va - jump pack [A FOOL MOON NIGHT],NF,10.08416527,78.05168506,38.36712354
408,odaxelagnia - nicololi [for weak CS3 HP2],NM,9.146768408,74.46752195,34.58689039
68,umu. - humanly [facade],NM,8.941362888,67.61118734,33.6608678
354,"Virtuanoise, Cosmo, Arcek & Zigurat - 4 Aliens At Work [CM vs. N vs. NB vs. T : Fourth day nonstop working in demand]",NM,7.885682284,66.78970905,74.49098561
617,Camellia feat. Nanahira - Kizuitara Shunkashuutou [Seasons],HDNF,9.55096195,65.12907821,66.30457779
64,Kobaryo - Tool-Assisted Speedcore (TQBF Frame Advance RMX) [Delete The World],NF,8.064830773,60.51945585,54.63064653
527,Kobaryo - Tool-Assisted Speedcore (TQBF Frame Advance RMX) [Delete The World],NM,8.064830773,60.51945585,54.63064653
875,Various Artists - Julaaaan's Triangle Jump Training 2 [On My Own],NM,8.807588233,59.19336719,36.66945089
122,Ariabl'eyeS - Reincarnation [Suffering],NM,9.621411566,58.98978101,35.38203877
330,DragonForce - Scars of Yesterday [Waste of Time],EZ,7.418589138,58.27135047,85.04013652
448,P4koo - Enka - flameflower [Fatal -Last-],NF,10.24662598,57.66136366,34.46157869
539,Imagine Dragons - Warriors [1000lp challenger],HDDTNF,8.323390052,56.2177841,49.46898943
940,Teminite & Panda Eyes - Highscore [extrad1881 (ar 10)],NM,8.335858265,53.71504276,25.32148481
130,Mrs. GREEN APPLE - Ao to Natsu (katagiri Bootleg) (Sped Up Ver.) [Summer],NM,9.217350507,51.97158085,43.15026403
796,Laur - Sound Chimera [Chimera],NM,8.208373552,51.75046382,67.61401673
167,HitoshizukuP x Yama - Crazy nighT [EnD],HDNF,8.553634842,50.2024054,29.84270764
602,shikata akiko - Katayoku no tori [Arles],NF,8.560100841,49.72374131,45.82653597
370,PinocchioP - sukisukisukisukisukisukisukisukisukisuki [LESS THAN THREE DIMENSIONS],NF,8.19664622,49.53633303,64.9433489
889,a_hisa - Logical Stimulus [owo],NF,8.125618321,49.2233551,79.21684878
942,F-777 - Space Battle [cs 4 lo],NM,7.900571651,49.16016548,64.50077366
243,Carlito - Poco Loco [pinata why u explode],NM,8.380468631,49.04672149,30.73065394
268,Ata - Euphoria [Ultimate Power],HD,8.459031952,47.07225112,60.21243865
180,"Nanahoshi Kangengakudan - Rubik's Cube [43,252,003,274,489,856,000]",NM,8.052040035,46.77600886,48.98099842
692,Fanatic - Seishoujo Syndrome [mega kolab],NM,9.249203405,46.46155505,62.19880855
349,Panda Eyes & Teminite - Highscore [Game Over],HDDTNF,7.334755293,45.54970163,38.24085822
16,Popek - Rhythmic Collapse [Rhytmusstorung],NM,7.460353472,44.28459893,75.62867425
542,Chikamori Kayako - Kigurumi Sungeki [La~ La La ~~ La La La. La. La.],NM,7.796994438,44.10337982,37.46542903
238,DJ OKAWARI - Flower Dance [Titania 9.7],NM,7.816623356,43.5345598,36.32183254
415,DJ OKAWARI - Flower Dance [Titania 9.7],NM,7.816623356,43.5345598,36.32183254
688,"Imperial Circus Dead Decadence - Yomi yori Kikoyu, Koukoku no Tou to Honoo no Shoujo. [Kurushimi]",NM,8.22540176,43.16706169,74.82228667
753,"Imperial Circus Dead Decadence - Yomi yori Kikoyu, Koukoku no Tou to Honoo no Shoujo. [Kurushimi]",NM,8.22540176,43.16706169,74.82228667
569,Release Hallucination - Chronostasis [A Brilliant Petal Frozen in an Everlasting Moment],NM,8.824001364,42.0352403,65.98668936
38,DECO*27 - Ghost Rule [No One But CRN !!],NM,8.010053647,41.88891459,26.46377851
546,FLOOR BABA - WIGGLE CORE [TAP],NM,6.613191615,41.86888721,46.64601243
588,goreshit - MATZcore [Lolicore],DT,6.341357636,41.48307585,131.6992737
229,DJ OKAWARI - Flower Dance [Titania NC 9.8],HDNF,7.960868559,41.4532492,46.93589234
75,Aqua - Barbie girl [Ultimate Cancer],NM,9.230689521,41.12795244,26.31994587
282,Ne Obliviscaris - Libera [Lachesismic Armageddon],NM,8.139245487,40.31392791,100.0756605
696,K A Z M A S A - Bon Appetit S (Oldskool HappyHardcore Remix) (Short Ver.) [blend s (220 bpm)],NM,7.274582526,40.12144302,96.02116006
309,tokiwa yuu - shounen ripples [Arles],NM,8.111010138,39.55714212,56.98423609
903,Imperial Circus Dead Decadence - Chinurareta Shuren ni Fukeru Houmura [Despair],NM,7.980034409,39.53066116,68.76887224
451,Camellia - We Could Get More Machinegun Psystyle! (And More Genre Switches) [Frick],NM,6.776204952,39.46558245,50.11004553
730,Sellouts - Spotify Ads [AWESOME SCREEN AWESOME CAMERA LONG LASTING BATTERY LIFE],NM,8.597131571,39.27240773,20.34909724
707,penoreri - Preserved Valkyria [Arles],NM,8.455072694,38.89322736,49.77588693
743,NOA - Monsters [<>],NM,7.997461658,38.81590589,38.91528947
74,Niji No Conquistador - zutto summer de koishiteru [Summer is only beginning],NM,8.567506902,38.53784261,40.11742376
880,Charlie Darker & Far Too Loud - Nail Gun (Short ver.) [CIDOR Diff EzRX],NM,7.908704834,38.05047993,32.02014122
393,PSYQUI - Hype feat. Such [Nightfall],NM,7.21760102,37.5213237,58.71723808
235,Kondo Koji - Slider [64 DIMENSIONS],NM,6.984579506,37.16524104,50.60608152
478,Camellia - GHOST [SPEKTRE],NM,7.06088863,36.94230648,84.04138193
698,Araki - Chiisana Koi no Uta (Synth Rock Cover) [Together],NF,8.162949191,36.71089113,40.98882346
145,Minase Inori - brave climber [courage],HDDT,6.785828977,36.65260343,71.68832982
305,Teminite & MDK - Space Invaders [Dimensional Virtual Arcade],NM,8.03636408,36.61175118,36.70208836
849,gmtn. (witch's slave) - Illegal Paradise [Slavery],NM,7.120851917,35.73580964,56.21359679
312,DimierLisb - Antiqua Doll [Psychoderia],NM,7.456298105,35.44660422,57.59221571
2,Sunless Rise - Awakening [Untruth],NM,7.132570969,34.98479571,114.568975
507,Sunless Rise - Awakening [Untruth],NM,7.132570969,34.98479571,114.568975
499,Kissing the Mirror x UNDEAD CORPORATION - Frozen Gear [Hunter In The Mist],NM,7.608327432,34.87257571,114.8627956
123,Kabocha - EmbryO [Heilia's Ultra],NM,7.50954559,34.18298238,54.70762913
749,Emiru no Aishita Tsukiyo ni Dai San Gensou Kyoku wo - ito [Petal],NM,6.772517001,33.80207848,46.67042763
456,Kishida Kyoudan & The Akeboshi Rockets - HIGHSCHOOL OF THE DEAD (Speed Up Ver.) [Eternity],NM,8.136054161,33.62266402,43.53872844
375,Plan B - Candy (Speed Up Ver.) [KINKY NASTY],NM,8.302259844,33.2969517,24.00794947
197,John Newman - Love Me Again [Can you love me again?],NM,8.126157976,33.19535851,25.46398637
332,katagiri - The Eve of the Breakcore Revolution [Extra],NF,6.73544372,32.90971043,69.48436507
886,Kobaryo - Cartoon Candy [Girl's Mocha Cappucino Deluxe],NM,7.390460908,32.36212503,53.36806662
879,Halozy - Genryuu Kaiko [Higan Torrent],NM,6.76889282,32.18906298,46.91998484
250,Void - Just Hold on (To All Fighters) [Beginning],NM,6.105086622,32.06174522,86.42772749
871,Void - Just Hold on (To All Fighters) [Beginning],NM,6.105086622,32.06174522,86.42772749
503,Camellia - Exit This Earth's Atomosphere [Evolution],NM,6.748054818,31.2247379,46.43254042
24,t+pazolite - Oshama Scramble! (IOException Edit) [Special],NM,6.583587399,31.22453303,39.87139775
658,MISATO - Necro Fantasia [Lunatic],EZ,6.051965811,31.11183529,24.17600049
859,xi - FREEDOM DiVE [Extra],NF,7.055493229,31.08466005,86.50476456
461,Camellia - Flamewall [Kujinn's EXTREME],HR,6.987014028,30.96778663,53.76346839
153,xi - FREEDOM DiVE [ENDLESS DiMENSiONS],NM,7.455631271,30.74135804,81.35359933
324,II-L - VOSTOK-3 [Basic],NM,7.091104269,30.67010492,39.20730583
287,lapix - Carry Me Away (Extended Mix) [Bright Lights],NM,6.505736469,30.51768627,54.17509715
14,:)  feat. KAFU - Egonomy [fleX],NM,6.596797856,30.36103124,42.04821429
237,HISATOMI - lullaby (feat. KIRA) (uet Remix) [one more before i go...],NF,7.017241634,30.3398363,56.86142347
118,Nitta emi - Heart beat [Arles],NM,7.553343635,30.18783294,55.61507784
624,Shimotsuki Haruka - Youka to Yumeutsutsu [Awaken AR10],NM,8.015816277,30.18079049,46.68322789
643,DJKurara - Goodbye [SEVEN COLORS],NM,6.12564775,30.11268063,53.18646537
831,TOOL - The Pot [High],NM,7.428424047,29.86560228,46.92847897
221,SakiZ - osu!favourites [Marathon],NF,7.152229295,29.71783653,91.71354028
840,Imagine Dragons - Warriors [1000lp challenger],HDNF,8.323390052,29.67017181,29.37032196
516,Camellia - Break The Silence [murmur.],NM,7.007698325,29.1576974,68.97593015
266,Hiro - Carol Mega Mix [Yokes' Hidden Presents],HD,5.582682468,29.13310852,55.67449628
928,Camellia feat. Nanahira - finorza [Shattered],NF,6.365756789,28.66167893,59.17660382
457,Gary-lee Calvert - MC MENTAL @ HIS BEST [MC],NM,6.328815418,28.51131853,87.23747791
86,Xanthochroid - In Putris Stagnum [Neverending],NM,7.615721169,28.35908304,86.45045861
662,Busdriver - Imaginary Places [NeBu's Speed Demon],NF,6.920791209,28.27083314,48.6012491
417,Watashi (CV: Yuuki Aoi) - Ganbare! Kumoko-san no Thema (TV Size) [Ultra: Arachne],NM,7.733925907,28.25041378,40.07681986
949,Yousei Teikoku - Autoscopy [Extreme],NM,6.313676295,27.68359325,42.56987538
737,Silentroom - Nhelv [iniquitatem],NM,6.425998381,27.60724318,44.48470962
537,"Demetori - Yuuga ni Sakase, Sumizome no Sakura ~ The Harm of Coming into Existence [Stage 6]",HD,7.208390719,27.54168583,50.73341113
108,Linkin Park - Breaking The Habit [turbo kolab],NM,7.643965386,27.16268193,30.93208061
239,Linkin Park - Breaking The Habit [turbo kolab],NM,7.643965386,27.16268193,30.93208061
459,MYUKKE. - NO ONE YES MAN [PEACE],NM,6.190749795,27.13535083,39.42376921
603,DECO*27 - Animal feat. Hatsune Miku [qq],NM,6.899017921,27.06730324,40.54849404
701,Various Artists - Jump Training Collection #3 [Final Level!! - Yuudachi no Ribbon],NM,7.998304908,27.02250589,21.22817865
128,Camellia - epimerization [catalyst],NM,6.707378506,26.91950308,50.56230561
383,Brian The Sun - Lonely Go! (TV Size) [Jougan],HDDT,7.00238664,26.91551121,26.59532347
405,Madsonik & Kill the Noise Ft. Tom Morello - Divebomb [DIVE BOMB],HDNF,7.979863836,26.90732771,28.41020703
320,II-L - SPUTNIK-3 [Beyond OWC],NM,6.187928558,26.88097819,55.62722984
884,OISHII - ONIGIRI FREEWAY [EXTREME RICE],NM,7.075432299,26.79050589,50.52574276
541,e-ZUKA - Assailant in the Night [a],NM,8.256208793,26.78602861,197.330156
665,Kitamura Eri - arcadia paroniria [Lovelorn],HR,7.588693729,26.75985633,58.25371864
595,xi - FREEDOM DiVE [Extreme],NM,6.731949982,26.15776395,91.97411001
713,Silvia - Vertex Gamma [GAMMA],NF,7.887110117,26.00497138,152.4823213
898,Silvia - Vertex Gamma [GAMMA],NM,7.887110117,26.00497138,152.4823213
793,Niko - Made of Fire [Oni],HDDT,5.432057248,25.99073915,38.16180511
458,Aimiya Zero - -ERROR [Drowning],HD,7.404080235,25.72230772,28.06172254
780,Imperial Circus Dead Decadence - Danzai No Honoo To Koibito-Tachi No Rondo [Someday they will meet each other again],NM,7.038805853,25.70669539,44.20780108
677,Sota Fujimori - polygon [Incrementally Hi-Speed Extreme],NM,6.716143249,25.58272712,39.72644236
440,Tokyo.MeltiMelt - the Beautiful Cure feat. nayuta [Magnificat],NM,6.620203445,25.54349267,47.19442611
90,UNDEAD CORPORATION - Everything will freeze [Extra],NM,6.692138142,25.51935066,108.2831744
340,HLEB - How to forget that day [-Z-E-R-O-],HRNF,5.784405428,25.46122782,28.70732323
11,Fellowship - Glory Days [Relentless Heartache],NM,7.440694506,25.43364367,61.79433131
409,-45 - Mind of the Corpse [mario kart wii is better than osu],NF,6.882096814,25.28098683,81.5108865
109,Nhato - Gekka [zerooooo],HDNF,6.826047789,25.21500502,37.48058725
625,Team Grimoire - Dantalion [Conflict],NM,6.026841936,25.15843567,62.96711094
823,Various Artists - 220bpm pack [Mynarco Addiction],NM,7.050281463,25.12450504,77.4248979
500,Ling Yuan yousa - Kami no Manimani [dance! dance!],NM,5.906146614,25.07557362,47.00394088
171,Panda Eyes & Teminite - Highscore [Game Over],NM,7.334755293,24.92903392,28.74662468
483,Seiryu - BLUE DRAGON [Blue Dragon],HDDT,7.002203438,24.8319845,32.19141512
355,Mantis & Rekoil - Trauma [Senitoshi Collab],NM,7.305109623,24.81809001,41.06390104
300,Niji No Conquistador - zutto summer de koishiteru [Ultra],NM,7.196046656,24.46893427,34.5376302
797,Neko Hacker - Kuishinbo Hacker feat. Kuishinbo Akachan [EX],HDNF,5.668591916,24.22814624,35.11393087
92,Nekrogoblikon - The Skin Thief [Murder],NM,7.071174752,24.1963204,103.2122253
211,weyheyhey !! - UP THE BUM NO BAIIIIIBEEZ [JUMP AROUND],NM,7.010331877,24.12759233,44.62123961
506,kurokumo - God-ish [Gott ist tot],HD,6.340518388,24.09791793,34.19332895
856,Yuaru - Asu no Yozora Shoukaihan (Speed Up Ver.) [Together],NM,8.226456986,23.93212847,41.42287357
972,inabakumori - Lost Umbrella [Extra],NM,6.119738789,23.34408206,32.89051058
182,Demetori - Nostalgic Blood of the East ~ Sic World [The Girl Who Reads Scrolls],NM,6.662419798,23.29472996,62.44014818
501,Kozato snow - Rengetsu Ouka [hana],NM,6.198485925,22.93257851,42.29327287
931,xi - Garyou Tensei [Hello],NM,6.772852515,22.87585798,48.43917576
212,cosMo@BousouP feat. Hatsune Miku - Machinegun Poem Doll [Chaotic Burst of Maniac Rhythm],NM,6.293297812,22.87325309,71.05780204
554,yuikonnu & ayaponzu* - Super Nuko World [Guy's Extra],DT,5.573325865,22.77702111,87.71842285
150,DystopiaGround - AugoEidEs [oyasumi],NF,7.221914157,22.567569,48.36571591
719,Wagakki Band - Tengaku [Uncompressed Fury of a Raging Japanese God],NM,7.812080742,22.44743264,50.98057857
633,L.E.D.-G - BITTER CHOCOLATE STRIKER [ANOTHER],NM,7.521826403,22.30028096,29.39596898
781,"Imperial Circus Dead Decadence - Yomi yori Kikoyu, Koukoku no Tou to Honoo no Shoujo. [Reverberation]",NM,6.809989526,22.1188754,94.87400745
403,xi remixed by cosMo@bousouP - FREEDOM DiVE [METAL DIMENSIONS] [Extra],NM,6.576439792,22.04024604,86.61277693
371,Stormzy - Big For Your Boots [#Merky],NM,6.151172497,21.96685752,28.47278066
352,technoplanet - Juvenile [Ataraxis],NM,7.577033103,21.95044552,54.55302846
344,"ShinRa-Bansho - Pink Kurage to, Sotto, Kiss o Shita. [I gently kissed the pink jellyfish.]",HD,6.908677309,21.77780436,43.10042867
244,DJ Okawari - Flower Dance (Short Ver.) [Dance],NM,6.0132739,21.44570044,27.37068792
714,Dark PHOENiX - Ryokugan no Jealousy [Green-Eyed Monster],NM,6.819662028,21.39689612,42.38295929
107,Sarah Connor - Cold As Ice (PH Electro Remix) (Nightcore Mix) [My Angel Kuki's Expert],EZ,4.940866712,21.3965948,32.56799672
567,Aline Barros - Eu Li Na Biblia (Sped Up & Cut Ver.) [Friend of God],HDDT,6.394259475,21.32868952,26.64336201
338,Franchouchou - Saga Jihen [The jealous dance of a distressed butterfly],NF,6.277362116,21.2539939,32.03774724
485,MYTH & ROID - Paradisus-Paradoxum [rem best girl],NM,7.388454296,21.1940108,60.54170163
566,Mitsukiyo - Summer Bounce [Paradise Collab],NM,6.009081344,21.14194605,44.30730487
154,Aether Realm - The Fool [Shadow of the Light],NM,6.901760937,21.07899554,69.10154055
196,TOMINAGA TOMMY HIROAKI - JoJo ~Sono Chi no Sadame~ Archetype MIX Ver. [Overdrive],NM,6.037285122,21.07709709,37.21627924
13,DystopiaGround - AugoEidEs [oyasumi],HD,7.221914157,20.98947664,44.31886447
684,Multiple Artists - thing [lol 235],HD,6.800563014,20.89758693,92.19672424
842,Kanpyohgo - Unmei no Dark Side -Rolling Gothic mix [FreeSongs' Rolling Hell],NM,6.564559821,20.4562598,53.60714093
809,paraoka - REAL210 [Arles],NM,6.447282337,20.33483458,41.12623794
277,Omoi - Snow Drive(01.23) [NiNo's Expert],NM,6.621448662,20.26997178,54.20411069
897,PSYQUI - Still in my heart feat. Punipuni Denki [bones' true love <3],NM,6.044563122,20.22965137,45.23657416
202,Miraie - Gucci Gucci Literature Club's Not Hot (ft. Monika) [Elcheer's Extreme Cancer],NM,6.821275074,20.14905233,22.17332617
844,3R2 - Mischievous Masquerade [Casual],NM,6.055672154,20.1301916,24.54273415
581,Wakeshima Kanon - Tsukinami [Nostalgia],HDDT,6.146689429,20.10089714,41.28029906
377,Dancing Cats - Go Kitty Go! [lets go],NM,7.344162177,20.09099911,22.85779717
284,Demetori - Hartmann no Youkai Shoujo ~ Todestrieb und Lebenstrieb [Extra Stage],NM,6.288398737,20.01551949,79.19932715
308,LiSA - Believe in ourselves [Our Everlasting Love],HDDT,6.335974886,19.91935045,40.11602576
551,Imperial Circus Dead Decadence - Shinbatsu o Tadori Kyoukotsu ni Itaru [Mun's Expert],NM,6.305655428,19.82766004,94.43838128
136,Tech N9ne - Worldwide Choppers [Gangsta],NF,6.349763454,19.64333316,44.48719979
947,Meramipop - Secret Desire - Dyes Remix - [Irregular],NM,5.720579675,19.54944881,47.42968442
878,Eve - Gekka*Midare Botan [Meg&Roll_Pan's E-Xtra],NM,6.891694812,19.54557407,55.400683
428,Susumu Hirasawa - SWITCHED-ON LOTUS [Lotus],NM,6.59931386,19.52557639,24.62917743
347,goreshit - benzo (with me eternal) [forever],,6.418567168,19.17064858,55.9290078
487,Ne Obliviscaris - Painters GAMMA [240 BPM],HD,6.571924215,19.03849985,171.7243673
291,Street - Dimension Ninja [Tech + Finger Control],HD,6.057313062,18.95204922,29.06742018
945,Nanahoshi Kangengakudan feat.Matsushita - Dance Number o Tomo ni [Dance Number],NM,5.544710443,18.80853157,33.14724311
843,Jun.A - The Refrain of the Lovely Great War [SOLO],HDNF,5.36590485,18.77886777,56.75846992
111,GALNERYUS - RAISE MY SWORD [Feruver's Expert],NF,6.083909022,18.74656394,52.6691322
756,Helblinde - Imagine Breaker [woof],HD,7.501561425,18.65046646,28.19652182
316,Various Artists - Jump & Stream Practice [Fort's Call me it. [it.]],HRNF,8.096642499,18.60803582,19.21934071
538,UNDEAD CORPORATION - Yoru Naku Usagi wa Yume o Miru [Madness],NM,6.925652321,18.48803312,43.46141619
941,t+pazolite - CENSORED!! [XXX!!!],NM,7.420015133,18.46498076,22.62423287
32,Demetori - Songs Compilation [Marathon],DT,4.830476373,18.31795623,74.5677963
964,Various Artists - Stream Practice Set [Polygon - 174 bpm [CHALLENGE - Chorus]],NM,6.424577532,18.12943095,34.85008929
728,Yorushika - Deep Indigo [That's Why I Gave up on Mapping],HD,7.168995356,18.04881058,30.11883614
920,LeaF - Kyouki Ranbu [Extreme],HD,6.000805434,18.01265143,46.38966209
854,[Kyoro] - Mochio- [Extra],NM,5.958117635,17.95828187,31.29899005
106,Various Artists - pedri Pack [dancin],NM,8.401768072,17.89897361,7.964229995
586,"Camellia - FLYING OUT TO THE SKY (covered by Nanahira, moimoi, Nana Takahashi) [browiec & Kuki's EXTRA]",NM,6.500139932,17.78338377,38.56196411
104,glass beach - bedroom community (tv size) [Julaaaan's Community],NM,7.281060635,17.75035722,20.52463901
94,Crywolf - Eyes Half Closed [Huvafen],HDDT,6.163266132,17.69932436,27.07703941
297,"MY FIRST STORY feat. chelly (EGOIST) - 1,000,000 TIMES [AGAIN AND AGAIN]",NM,6.194000609,17.67312536,47.2676284
820,Chroma - I [Mamiko's HEAVENLY],NM,6.359409502,17.52219038,40.47502467
43,beatMARIO - Night of Knights [SOLO],NM,4.826753071,17.52024372,67.32022538
168,Utsu-P feat. Kagamine Rin - Tokyo Teddy Bear [Harupion's Extra],NM,6.113620655,17.35132025,61.30046196
790,Kano - Walk This Way! (Cut Ver.) [Happiness!],NM,7.866514472,17.22410424,22.34037915
986,TERRASPEX - AMAZING BREAK [DESPAIR],HR,6.298334885,17.13961065,37.54276056
778,xi - Blue Zenith (Cut Ver.) [TWO DIMENSIONS],NM,6.998108114,17.09255868,54.31421063
908,Ishihara Kaori - Plastic Smile (TV Size) [My Angel Nymphe's Insane],EZDT,4.528015013,17.07129596,20.16885036
732,Tech N9ne - Speedom (WWC2) (feat. Eminem & Krizz Kaliko) [Extreme],NM,5.856171287,17.00085699,42.16248012
292,isoganakya - isogu (Stream Practice Maps) [300BPM],NM,7.451978654,16.94244362,131.7508107
916,Imperial Circus Dead Decadence - Shinbatsu o Tadori Kyoukotsu ni Itaru [Extreme],NM,6.479083184,16.77632327,122.8403137
356,M2U - A Bella! (feat. Lucy) [X],NF,5.823539176,16.73979693,26.70780891
519,Wagakki Band - Tengaku [The Petals of a Now Fully Bloomed Look of Madness Adorn the World],HR,7.898029983,16.70677183,35.20206681
418,GYZE - HONESTY [DISHONEST],NM,7.114507345,16.65123765,52.82184186
746,Yooh - LegenD. [GRAVITY],NM,6.10624807,16.64498381,37.6083211
510,"Katarzyna Bogusz, Ola Maciejewska, Przemyslaw Kleczkowski - Blogoslawieni Milosierni (Krysiek Remix) [Blessed are the Merciful]",NM,5.662186046,16.6264089,28.48735266
943,ZUTOMAYO - Kan Saete Kuyashiiwa [geragera],NM,5.738488799,16.59015593,37.74499539
801,Rings of Saturn - Senseless Massacre [Fenza's Genocide],NM,6.911083756,16.56957993,95.32535321
580,Camellia - Diastrophism [Real's Extreme],NM,6.045091349,16.45216124,63.19998512
435,Tsumiki - phony [Calvaria's Ex],HD,5.452934963,16.38184706,29.98892104
868,ryu5150 - Louder than steel [Onlybiscuit's Extra],NM,5.654679311,16.27225399,54.01759905
397,KASAI HARCORES - Cycle Hit [Home Run],NM,5.746726771,16.21666246,48.18524641
424,KASAI HARCORES - Cycle Hit [Home Run],NM,5.746726771,16.21666246,48.18524641
821,KASAI HARCORES - Cycle Hit [Home Run],NM,5.746726771,16.21666246,48.18524641
560,xi - FREEDOM DiVE [FOUR DIMENSIONS BPM180],NM,5.808355895,16.14902573,73.46886831
37,TUYU - Namikare [Withering Tears],NM,6.976028127,16.07807343,38.92011122
496,SYU (from GALNERYUS) - REASON [Meaning of Life],NM,5.925470137,16.06670696,64.92415022
547,SYU (from GALNERYUS) - REASON [Meaning of Life],NM,5.925470137,16.06670696,64.92415022
396,Silvia - Vertex Delta [DELTA],NM,7.216997546,15.98209355,126.3572943
894,Infected Mushroom - The Pretender [Pretender],NM,5.492186811,15.85124329,49.30313515
78,Andromedik - Invasion [Collab Extra],NM,5.214717705,15.82439042,43.81243725
967,KINEMA106 - N.M.W [NO MORE WAR],HR,5.953672965,15.7923945,32.54449931
874,Serenity - Lionheart [Expert],DT,5.709619029,15.78026611,84.14723695
717,AZKi - Fake.Fake.Fake [Collab Extra],NM,5.73294618,15.76448192,34.5682539
937,Demetori - Seijouki no Pierrot ~ The MadPiero Laughs [Stage 5],NM,6.255748069,15.74197741,65.16440953
841,PSYQUI - Hype feat. Such (lapix Remix) [Seeing Stars],HD,5.745613209,15.67058806,50.98932663
853,Renard - Dash Hopes 3 [300 BPM Madness!],NM,7.446936918,15.55538278,98.46170863
616,Unknown Artist - LEGIA TO CHUJE [Ultimate 2021: Speed],NM,6.695980383,15.49197284,158.6441531
729,OwataP - Turkish March - Owata \(^o^)/ [<Normal Mode>],NM,5.861852272,15.41397703,69.57727576
452,IOSYS - Kanbu de Todomatte Sugu Tokeru ~ Kyouki no Udongein [Hard],DT,5.127742472,15.35831434,120.6638129
866,ZAQ - Caste Room [tomadoi & Karen's Ascension],NM,5.932821239,15.18610982,37.4394362
227,Aqours - Aozora Jumping Heart [Sunshine!!],NM,7.029270642,15.03672335,24.86183603
647,Tatsh - Xevel [Extreme],NM,6.028566651,14.9748258,63.56538757
173,K A Z M A S A - Bon Appetit S (Oldskool HappyHardcore Remix) (Short Ver.) [blend s],NM,5.780178258,14.86873802,61.36817952
373,ShinRa-Bansho - Itazura Sensation [The Dead Princess was her?],NM,6.558103079,14.81208347,56.90876458
718,Polyphia - O.D. [VINXIS' Extra],NM,5.433480826,14.74246487,39.54072726
119,Usada Pekora - Discommunication Alien [uwaaa],HDNF,4.75596346,14.7393583,30.53880124
191,Maneki Kecak - Atashi no Nokori Zenbu Ageru [Daydream],HD,6.552538753,14.68584601,34.62798961
686,MYUKKE. - re[in]flaw [in[co]rect],HRNF,5.731405235,14.68016872,36.07650565
45,TAROLIN feat. Katakiri Rekka - Cardinal Rave [Expert],HD,5.523466184,14.67957004,44.04832979
298,Bentham - Chicago [Re: Wonder],NM,6.03592913,14.59822024,32.84438308
76,SMETANA Band - Ya Govnar' [Extreme],NM,7.288343683,14.52318335,32.16716531
245,Mitsunori Ikeda ft. Aimee B - Fallen Angel (El Poco Maro Remix) [Ascension],DT,5.035017076,14.41856581,61.11165362
822,MIMI feat. Hatsune Miku - Ai no Sukima [Radiance],EZHD,5.794779357,14.39747936,11.9182214
497,Avenged Sevenfold - Save Me [Tragedy],NM,6.099036951,14.37891603,66.31904776
346,Kurosaki Maon - Gravitation [Reform's Extra],HDDTHR,6.383084572,14.32988038,29.97785257
473,inabakumori - Lost Umbrella [kusano's Extra],NM,5.205322522,14.32598949,28.93532497
261,Hoshimachi Suisei with Hololive Fantasy - Saga Jihen [newteurre's Extra],NM,5.208883789,14.32074187,38.51352644
248,IOSYS - Usatei 2011 [Ozzy's Extra],DT,5.50314395,14.29238833,71.74090825
971,Tyrfing - Verflucht [â€ LEGGENDARIA],HRNF,7.195899679,14.26923433,40.38765101
281,lydian - Promise [distance-snap],EZ,4.033724271,14.25496144,26.57439415
636,Helblinde - Putin's Boner [Extra],NM,5.808594854,14.2442217,33.89096783
55,supercell - Speed Up Map Packs [Kimi no Shiranai Monogatari Nevo 1.4x],HDDT,6.594398763,14.15735602,19.02474735
896,goreshit - there are no angels here. [archangeloi.],NM,5.320569745,14.1243232,60.15618206
432,xi - Blue Zenith (Cut Ver.) [TWO DIMENSIONS],HR,6.998108114,14.09446829,41.48710886
615,DJ Totoriott - Chloe [yf's Extra],NM,5.942771037,13.71674007,31.70220703
990,LeaF - Calamity Fortune [Extra],HD,5.790563753,13.68090799,73.03969028
172,qfeileadh - breathe [Extreme],NM,5.711503905,13.61590274,53.90308127
265,Foreground Eclipse - Song's Compilation [Flames Within These Black Feathers],NF,6.756233499,13.58206223,30.11548936
959,GYZE - HONESTY [Haxwill's Slider Hell],NM,4.899758214,13.554308,0.339651241
486,Utsu-P feat. Kagamine Rin - Tokyo Teddy Bear [Extreme],NM,6.592121668,13.38616388,66.03387058
110,MAKOOTO - Tanuki Chi no Bouken [Peko],DT,5.426120804,13.26982375,12.97734465
509,Jakarta Funk Brothers - INSOMNIA [hehe's C11H15NO2],NM,5.870751474,13.25886315,73.757509
481,Hyadain - Chocobo [Gold],NM,4.729072448,13.1759562,27.51186167
860,Falcom Sound Team J.D.K. - baresuta intachi(Remix) [Extra AR10],NM,6.836884059,13.13558111,42.02618767
5,xi - Garyou Tensei [AngelHoney],HD,4.977903681,13.01430639,40.89985813
103,Nanahoshi Kangengakudan - Rubik's Cube [Chaos's Expert],NM,5.464273408,12.9655158,69.50333304
126,Nanahoshi Kangengakudan - Rubik's Cube [Chaos's Expert],NM,5.464273408,12.9655158,69.50333304
629,Nanahira - Chikatto Chika Chika [Sotarks' 1+2 IQ],DT,6.186451414,12.94164636,15.12958062
203,Ryokuoushoku Shakai - sabotage [Perspective],DT,5.553951139,12.88948759,43.92033146
836,Yousei Teikoku - Hades: The rise [Hardest],NM,7.003346838,12.83186557,55.2194275
230,Getty vs. DJ DiA - Grayed Out -Antifront- [Loli's Ultra],NM,6.173638327,12.79728558,38.83450899
988,Memme - China Dress [Serenity],HR,6.344805383,12.79447793,38.6045715
132,BAND-MAID - DICE [X],HD,6.475992133,12.72858799,35.48778145
929,yuikonnu - Souzou Forest [Zzz's Easy],HDDTHR,1.669451811,12.64756233,12.50421503
345,GYZE - HONESTY [HEART OF SORROW],HDDT,5.331063823,12.5685594,93.3778735
411,GYZE - HONESTY [HEART OF SORROW],HDDT,5.331063823,12.5685594,93.3778735
664,PSYQUI - Hype feat. Such [Phosphene],NM,5.48167044,12.55025241,47.71182476
578,Foreground Eclipse - Song's Compilation [Destruction],HD,6.422663944,12.5106935,47.77514902
675,Hikaru Station - My R [Letting Go],NM,6.519589397,12.48896164,32.68270514
219,Maffalda - pensamento tipico de esquerda caviar [Gangsta],HDDT,5.973367578,12.46014548,16.08740242
246,Calliope Mori x Gawr Gura x DECO*27 - Q [Queen],NM,6.034200901,12.42476517,33.52920841
786,THE ORAL CIGARETTES - Sesshoku [Apocalypse],HD,6.656151415,12.40934088,32.99303291
380,Mia REGINA - My Sweet Maiden [Lust],NM,6.261554293,12.40344173,54.7851681
910,Aiurabu - Kani*Do-Luck! (TV Size) [A I U R A !],HDDT,6.395425699,12.38217369,13.55625769
82,SPYAIR - Imagination (TV Size) [PikA's Extra],DT,5.588633824,12.3298786,10.99970991
861,Nakamura Meiko - Core of Spark [Dash the Heart],NM,6.452988456,12.32745548,35.02907041
255,Gekidan Record feat. Nekomata Master - Houkou Orpheus [Expert],NM,4.946174059,12.29383803,44.27989433
723,Mob Psycho 100 (MOB CHOIR) - 99 [100%],NM,6.493769921,12.26342452,40.65510225
264,Thaehan - Doki-Doki [Extremerino],HD,5.830085535,12.22937122,40.44436823
288,Akatsuki Records - KARMANATIONS [Reincarnation],NM,6.089176893,12.22067952,33.32061588
966,Akatsuki Records - KARMANATIONS [Reincarnation],NM,6.089176893,12.22067952,33.32061588
400,MYTH & ROID - Paradisus-Paradoxum [Curi's Extreme],NM,6.218864689,12.20385744,64.84053971
223,Matrix & Futurebound - Fire (feat. Max Marshall) [Reaching for the Love],DT,5.856860083,12.19944648,21.31252035
641,Aitsuki Nakuru - Monochrome Butterfly [Gibune's Insane],DT,4.319423099,12.18957496,33.11257792
194,ShinRa-Bansho - Dramatic Hizakurige [adioni's Expert],NM,5.926606788,12.1453667,43.31601216
808,Breathe Carolina & Sunstars - DYSYLM [Extra],NM,5.652702432,12.11021324,22.57053754
700,Seiryu - BLUE DRAGON [Blue Dragon],NM,7.002203438,12.0951084,23.09578161
774,Katy Perry - Hot N Cold [pog],NM,6.396850684,11.91183562,11.24209727
651,Feint - Tower Of Heaven (You Are Slaves) [Heaven],HD,5.545273796,11.88380639,41.28542833
579,"Yorushika - Hachigatsu, Bou, Tsukiakari (Cut Ver.) [1-2 tv size moment]",NM,7.906178377,11.85421765,6.967942793
50,Akatsuki Records - Trance Dance Anarchy [Don't Look Back],NM,6.843926228,11.83539137,29.88073348
899,Kizuna AI - FUCK YOU! [FAQ U],NF,7.713231574,11.82165654,41.2326915
46,ONE OK ROCK - Take me to the top [Sotarks' Ascension],NM,6.696545678,11.80902748,19.2160444
200,DETI RAVE - NA KIEVSKOM DINAMO [DINAMO],NM,6.165408274,11.80289858,17.71667203
367,"Hoshimachi Suisei - GHOST [I will keep Singing in the Dark, just for ''You''.]",NM,6.527789328,11.79623515,42.15293917
563,"Hoshimachi Suisei - GHOST [I will keep Singing in the Dark, just for ''You''.]",NM,6.527789328,11.79623515,42.15293917
607,Pratanallis feat. Tsuyuri Karin - Ren'ai Fantasy [Insane],HD,4.749169262,11.77860789,45.34372246
622,Kano - Sukisuki Zecchoushou [NiNo's Extra],NM,6.423914496,11.74551853,28.08070463
829,Nishigomi Kakumi - Garyou Tensei [Oni],DT,4.663861669,11.73053695,57.10293952
71,Various Artist - Oriental's Long Stream Practice & Training Maps 3 [BPM210 Paraclete],DT,5.426332145,11.65763905,202.2580994
804,Panda Eyes & Teminite - Highscore [Extra],NM,6.011725067,11.65684539,25.96633903
767,THE ORAL CIGARETTES - ReI [Rain],NM,6.399174136,11.64027185,41.31688692
22,Imperial Circus Dead Decadence - Uta [Collab],NM,5.093824903,11.61376712,55.80202889
711,Imperial Circus Dead Decadence - Uta [Collab],NM,5.093824903,11.61376712,55.80202889
477,Serenity - Lionheart [Extreme],NM,6.442489526,11.56503116,50.48373507
693,Yousei Teikoku - last moment [extreme],NM,6.270364518,11.55372054,46.54943945
528,umu. - Dareka no Shinzou ni Nareta Nara [troll],NM,5.81953539,11.54321803,23.55788968
134,Liz Triangle - Yoru no Circus [Balalaika],NM,5.406714262,11.4897668,41.1715597
660,SPYAIR - Imagination (TV Size) [PikA's Extra],HDDT,5.588633824,11.48753562,10.35811081
631,Our Stolen Theory - United (L.A.O.S Remix) [Eternity],NM,5.936445306,11.47798633,47.84611009
828,DM DOKURO - Roar of the Jungle Dragon [Conflagration],HDHR,6.844403337,11.42882528,26.77420604
659,Imperial Circus Dead Decadence - Shinbatsu o Tadori Kyoukotsu ni Itaru [Extra Collab],NM,5.593598812,11.39677096,68.39236518
648,REDALiCE - Pekorap Tropical House Remix [Universal Daikaiten Peko Peko no Mai],NM,6.948137534,11.37731237,16.11601356
369,Foreground Eclipse - I Bet You'll Forget That Even If You Noticed That [Each And Every Word Leaves Me Here Alone],HR,7.084533495,11.37110349,41.5356586
252,"nano - Star light, Star bright (TV Size) [browiec's Extra]",HDDTHR,6.031261588,11.32420183,19.74227419
837,Reol - Streaming Heart [CRN's Extra],NM,6.323480058,11.31690521,24.44947031
101,Shoji Meguro - Kimi no Kioku (Aethral Remix) [Remembrance],NM,5.258176656,11.27636949,41.40224344
131,yuikonnu - Yume Chizu [Dream],EZDT,6.037154058,11.27076091,17.00776913
782,Nekomata Master+ - chaos eater -IIDX edition- [Kyumo's Another],NM,4.945873274,11.23277788,24.57921787
60,YOASOBI - Gunjou [Irreplaceable],NM,5.040896729,11.21758855,27.96566618
771,Kanpyohgo - Unmei no Dark Side -Rolling Gothic mix [Satellite's Lunatic],HDDT,4.729276592,11.21700761,64.03499704
550,Hige Driver join. SELEN - Dadadadadadadadadada [SPECIAL],NF,6.340910857,11.20457134,29.8022876
192,F-777 - Unsafe Speeds [Net0's Extra],HDNF,5.083423677,11.16359539,55.14233786
374,"Poppin'Party - Live Beyond!! [Let's Live, Smile, Run, and Shout!!]",NM,6.172393291,11.15904846,33.50615725
744,"Poppin'Party - Live Beyond!! [Let's Live, Smile, Run, and Shout!!]",NM,6.172393291,11.15904846,33.50615725
36,44teru-k - F.I [Extra445],NM,5.111725551,11.13812056,62.20270623
995,44teru-k - F.I [Extra445],NM,5.111725551,11.13812056,62.20270623
724,The Winking Owl - Bloom [Blossom],NM,6.172472225,11.12349125,41.09233788
155,IOSYS - Cirno Chirumiru [Insane],NM,4.863408665,11.10586742,41.73389817
597,yuikonnu - Uchouten Vivace [Vivace!],NM,4.726463262,11.08010442,32.34274909
85,Tatsh - Xevel [Extra],NM,5.38187535,11.07680424,60.17711711
827,Tatsh - Xevel [Extra],NM,5.38187535,11.07680424,60.17711711
893,Tatsh - Xevel [Extra],NM,5.38187535,11.07680424,60.17711711
97,Wakeshima Kanon - Tsukinami [Nostalgia],NM,6.146689429,11.0310434,30.63276171
280,DJ'TEKINA//SOMETHING - Internet bitch P*Light Remix [N/A Reboot],NM,5.932563265,11.02784956,41.81238046
845,THE ORAL CIGARETTES - 5150 [Sotarks' Cataclysm],NM,6.576322302,11.02545735,27.30886719
654,SOUND HOLIC - Airman ga Taosenai (SOUND HOLIC Ver.) [Airman],NM,6.057371567,10.98159591,40.24155489
336,yanaginagi - over and over [With You],NM,5.959465799,10.97546393,48.18841456
466,BLOOD STAIN CHILD - MOON LIGHT WAVE [Extra],NM,5.767635832,10.97510547,24.82086858
657,onoken - Viden [Extreme],HD,5.701253135,10.92801242,37.23142265
960,[MAD] - Yoshi mune gimu ne gimune gimu negi mune gimu negi munegimunemashirubesuta [Extra],NM,6.747927434,10.92429944,8.557687337
901,Naoki Miki(CV.Takahashi Rie) & Ebisuzawa Kurumi(CV.Ozawa Ari) - Unhappy End World [Lasse's Extra],HDDT,5.431549498,10.88369341,39.27659118
65,TUYU - Songs Compilation [Sorrow],NM,5.095771097,10.84819856,42.69423591
34,DECO*27 - First Storm feat. Hatsune Miku [my Drops of Tears I'll turn to Sparks of Fire],NM,6.656586256,10.8407452,48.06621821
39,supercell - Mr.Downer [AF's Extra],DT,5.548707392,10.83073157,12.65863954
262,Saint Snow - DROPOUT!? [Kowari's Extra],NM,5.802104862,10.82243227,58.19609401
274,Serenity - Lionheart [Extreme],HD,6.442489526,10.7619911,44.46907121
115,Simple Plan - You Suck At Love (Speed Up Ver.) [Extra],DT,5.906967269,10.74002965,19.36484976
271,Nasko - Break Through [Extra],DT,5.06619137,10.73386723,16.34376991
545,Will Stetson - Snow Halation (feat. BeasttrollMC) [Gift],DT,5.892837826,10.72115092,19.41281342
783,Mage - The Words I Never Said [Affliction],NM,5.507512183,10.71659355,84.35248123
306,Mimomo & Kotomugi - Invisible [HLW's Runpappa],NM,5.612910579,10.68480066,44.17407249
169,Imperial Circus Dead Decadence - Danzai No Honoo To Koibito-Tachi No Rondo [Piercing Pain],NM,5.440268916,10.67234291,53.20637646
799,LiSA - Tsumibito [Desire],NM,6.214900176,10.63841594,32.65720574
251,Petit Rabbit's - No Poi! (nenpulse bootleg remix) [Rizia's Insane],HDDT,4.825472196,10.6353335,38.26888419
342,Various Artist - Oriental's Long Stream Practice & Training Maps 4 [BPM245 Invisible Frenzy],NM,6.309763467,10.57041873,161.4138921
149,Kyary Pamyu Pamyu - Furisodation (DJ HKT's bootleg MIX) [Drunk on Love],NM,5.66107755,10.55444087,60.94839456
470,Nekomata Okayu - Wakusei Loop [Orbit],HDDT,4.962425762,10.52030244,29.83480463
464,Apocalyptica - Reign of Fear [VI],HD,6.237214053,10.48793309,61.09671918
494,dj TAKA - quaver [NiNo's Extra],HDNF,6.17796988,10.48254324,33.55429655
278,u's - Korekara no Someday [Guy's Extra],HD,5.497953431,10.47237699,19.82422959
504,Mage - The Words I Never Said [Regret],NM,5.753690999,10.4702105,76.39660256
543,Mage - The Words I Never Said [Regret],NF,5.753690999,10.4702105,76.39660256
826,Mage - The Words I Never Said [Regret],NM,5.753690999,10.4702105,76.39660256
484,Sabaton - The Last Stand [In The Name Of God],HD,6.232630083,10.4659832,25.03599032
523,Culprate - Beast (Vorso Remix) [JeZag's Insane],NM,4.603033369,10.46228713,47.96623945
832,"otetsu - Minamo no Sakura, Yume wa Sakayume [NiNo's Extra]",HD,5.616417746,10.45434852,25.34404896
815,Sarah Connor - Cold As Ice (PH Electro Remix) (Nightcore Mix) [Rikka's dunno],NM,5.929311065,10.42912586,28.57219703
410,halca - Kokuhaku Bungee Jump [Sentimental Crisis],NM,5.912581053,10.36970147,36.20733108
152,positive MAD-crew - Mynarco [Extra],NM,5.517387813,10.33581624,49.23204065
852,nmk - sola [Extra],NM,5.696060152,10.3209835,53.04878332
113,96neko - Uso no Hibana [NiNo's Extra],NM,6.103744691,10.28867979,37.71914977
249,96neko - Uso no Hibana [NiNo's Extra],NM,6.103744691,10.28867979,37.71914977
914,SHADOWRAZE - SHOWDOWN [add222's zxc],NM,7.253760188,10.28086582,11.14745382
669,xi - Blue Zenith (Cut Ver.) [A r M i N's Extreme],NM,6.060527165,10.27974172,53.18608269
877,Hyadain - Megaman Mix [Marathon],NM,2.804549855,10.2732331,50.48093781
49,Panda Eyes & Teminite - Immortal Flame (feat. Anna Yvette) [Eternal Blaze],NM,7.003500155,10.27071008,18.2834852
404,Natsuiro Bikini no Prim - Nagisa no Koakuma Lovely~Radio [fanzhen's Expert],NM,5.321504901,10.2336985,33.29258242
900,Ice Nine Kills - IT Is The End [Mimari's Extra],NM,5.738198927,10.22989628,54.48187787
185,fourfolium - SAKURA Skip [Press START],HDDT,5.098329721,10.21098064,41.00853745
190,THE ORAL CIGARETTES - Flower [Vagueness],NM,6.596428826,10.20076431,38.46591687
961,Hana - Kuukirikigaku Shoujo to Shounen no Uta [Wonderful Everyday],HR,5.997634666,10.19238981,31.39892573
15,UROBOROS - Black Swallowtail (TV Size) [Flezlin's Extra],NM,6.290803138,10.18252523,36.53995292
596,THE ORAL CIGARETTES - 5150 [Expert],NM,6.1500094,10.17039697,32.27436236
574,MOMOIRO CLOVER Z - SANTA SAN [1-2-SANTA],NM,6.317826037,10.12036345,21.01715034
991,KASAI HARCORES - TRIPLE PLAY [Triple Play],NM,5.595594541,10.08791213,46.9137079
257,Azusa Tadokoro - Koroaruki [Extra],NM,6.191279037,10.08774827,35.12342218
614,Kitadani Hiroshi - OVER THE TOP [KING OF PIRATES],HDHR,6.775510002,10.08662023,32.82984722
453,Bentham - Chicago [Sky City],NM,6.6796513,10.05542938,15.00320897
186,UNISON SQUARE GARDEN - Phantom Joke (TV Size) [A r M i N's First Order],NM,6.34962688,10.0106497,30.50785978
532,Tatsh - Xevel [Extra],HD,5.38187535,10.00783619,54.66900364
536,765 MILLION ALLSTARS - UNION!! [We are all MILLION!!],HD,6.250291569,9.960917342,26.84206572
593,Minase Inori - Bokura wa Ima [Believe us],NM,6.401894539,9.949180052,46.6203221
769,Hana to Onyx - Ariadne [False Love],NF,5.734341174,9.948993103,24.73673959
946,"Chito (CV: Minase Inori), Yuuri (CV: Kubo Yurika) - More One Night (Assertive Hardcore Bootleg) [short ver.] [One More Time]",HDDT,5.325603214,9.946239086,27.42233714
584,Hoshimachi Suisei - GHOST [Meg's Extra],NM,5.622262635,9.899857546,40.55849924
465,Kondo Akihisa - Black Night Town (TV Size) [Vengeance],NM,6.040966601,9.876556077,9.075086929
680,Hana - Sakura no Uta [litoluna's Extra],HD,5.504154786,9.76091287,28.33907011
522,xi - Aragami [Another],HDDT,5.011606937,9.734612018,60.2058509
979,RYUWAVE - ROLLING PANDEMONIUM (Ata Remix) [Phoenix Bird (Technical Streams)],NM,5.942326354,9.719870323,23.19630886
80,Nekomata Master+ - chaos eater -IIDX edition- [Hyper],EZ,3.170639496,9.690212726,10.94173181
156,Camellia feat. Nanahira - finorza [Collab Another],NM,4.80792409,9.661555916,31.97112312
204,THE ORAL CIGARETTES - ReI [Mir's Extra],NM,6.135169914,9.648382742,30.72706636
449,Tyrfing - Verflucht [Another],HD,5.856943221,9.64096815,44.61773502
359,Timothy (Chitose Morinaga) - Michi no Timothy Kimi no Kimochi [please help],NM,7.647171051,9.629288201,6.406427571
570,xi - Halcyon -Long Version- [Demigod],NM,5.314979143,9.598523757,51.1378671
482,Memme - Plasma Gun [Extreme],NM,6.457730436,9.595066252,38.91592249
47,Reol - Asymmetry [captin's Extra],HD,5.968649924,9.554081325,29.38227274
195,Omoi - Hey William (New Translation) [oko's Bright Light Insane],DT,3.906569621,9.549559701,33.40622831
209,Suzuyu - Love Emotion! [joker's Insane],DT,4.145521695,9.525371618,23.72348474
969,THE ORAL CIGARETTES - Flower [Cataclysm],NM,6.270949032,9.485461308,33.11835673
750,AKINO from bless4 - MIIRO [Miiro],NM,5.459550911,9.477466305,28.33599123
421,positive MAD-crew - Mynarco [Withdrawals],NM,6.017462028,9.447149036,44.86478759
520,VINXIS - Sidetracked Day [Daydream],NM,5.40089956,9.420331504,74.76685104
514,MISATO - Necro Fantasia [Lunatic],NM,6.051965811,9.3798585,21.26675422
181,"nano - Star light, Star bright (TV Size) [Destiny]",NM,6.310230286,9.354090817,17.18576461
407,senya - Songs Compilation [Marathon],DT,4.103416884,9.343470346,53.25746798
705,Demetori - Seijouki no Pierrot ~ The MadPiero Laughs [Lunatic],NM,4.902603704,9.341645014,43.92851525
763,NOMA - PEPSI * MAN [I AM THE PEPSI MAN],NM,6.04150716,9.333320633,23.29547154
137,KikuoHana - Desert Theater [Battle's Insane],HD,4.71153098,9.25242556,27.04917289
120,ShinRa-Bansho - Kakumei no bullet [UberFazz's Lunatic],NM,5.015295528,9.242337068,39.67149081
379,KNOCK OUT MONKEY - BRAVE OUT (TV Size) [THE TRUTH],NM,6.328118931,9.241576315,28.88347992
170,"kis-kis - ne uchi (Cut Ver.) [stop feeding me all this content, my head feels bloated]",NM,6.419715776,9.223575628,13.24299812
491,96neko - Uso no Hibana [Monstraia's Extra],NM,6.309047266,9.172721011,23.46852199
953,Bilibili Douga - Night of Feifan Brother [Feifan Bro],HDDT,4.702272119,9.156491068,62.06383259
502,DIALOGUE+ - Omoide Shiritori [Koori's Insane],HDDT,5.021185116,9.129535305,29.93729468
228,ClariS - Gravity [Insane],DT,4.731764585,9.114350679,36.03313396
225,Sangatsu no Phantasia - Pink Lemonade [Expert],NM,5.415587621,9.094109762,36.03538011
121,Phao - 2 Phut Hon [2p51],NM,4.733015446,9.090368807,25.33324667
810,Vickeblanka - Black Rover (TV Size) [Extreme],NM,7.002059016,9.070915137,14.76142015
683,Nogizaka46 - Yubi Bouenkyou (TV Size) [Glaceon's Extra],HDDT,5.540147255,9.066996095,13.57768089
934,"Unlucky Morpheus - Top of the ""M"" [Isomir's Extreme]",HDHR,6.29019058,9.054138085,35.31011645
689,Abe Mao - Kotae (TV Size) [Lost],NM,5.531718998,9.051120688,23.10023707
226,Yuyoyuppe - -ELIS- [Extreme],HD,6.42323851,9.040358441,42.85828713
838,REDALiCE feat. Ayumi Nomiya - Little Star [Insane],HDDT,4.804358407,9.038888651,41.84966444
802,LADYBABY - Nippon Manju [TheMefisto's Insane],HD,4.963502391,9.027590862,47.83942743
572,Nakiri Ayame - KING [Cruelty],NM,5.247773036,8.984977404,23.22481133
382,"AliA - Kakurenbo [Ready, Set, Go!]",NM,6.097019424,8.984529465,39.03123088
599,"AliA - Kakurenbo [Ready, Set, Go!]",NM,6.097019424,8.984529465,39.03123088
27,Brian The Sun - Lonely Go but too many LONELYS [LONELY LONELY LONELY GO],HDDTNF,7.164170213,8.970285723,20.93730005
592,Morimori Atsushi - PUPA [Butterfly],HR,6.113212385,8.955017102,45.62117625
917,PassCode - Ray [Extreme],NM,6.287865116,8.946063571,33.70479476
0,ZYTOKINE - Dancing Dollz feat. cold kiss - REDALiCE Remix [Extra],HD,5.378838081,8.9321081,41.16785481
59,TEARS OF TRAGEDY - Spring Memory [Satellite & ponbot's Bittersweet Memories],HD,5.331742975,8.920204143,31.68700137
601,Reol - Asymmetry [P A N's Extra],NM,5.488201046,8.874496181,33.10141534
634,PinocchioP - SLoWMoTIoN [Marathon],HDDT,4.596751108,8.868798882,52.08317908
977,PinocchioP - SLoWMoTIoN [Marathon],HDDT,4.596751108,8.868798882,52.08317908
773,Marcioz - Mate Um Bonito Hoje Mesmo! [Extreme],NM,6.343043699,8.862717707,12.58893747
760,nowisee - confusion [Mordred's Expert],NF,5.763954177,8.842152128,36.33434185
505,-45 - Totenblume [Flower of the Dead],DT,4.267417416,8.813693202,59.33002197
926,-45 - Totenblume [Flower of the Dead],DT,4.267417416,8.813693202,59.33002197
682,THE ORAL CIGARETTES - Monster Effect [P4nde's Expert],DT,5.029118496,8.77567067,31.3275504
716,Loki - Wizard's Tower [Ultimate Magic],HR,6.284486193,8.764633689,23.22167728
258,Kurosaki Maon - Gravitation (TV Size) [Imagine Breaker],NM,6.796460524,8.745343003,17.1986592
187,DECO*27 - Streaming Heart feat. Hatsune Miku [Extra],NM,5.386261211,8.730875704,27.66543267
590,MISATO - Necro Fantasia [Lunatic],HD,6.051965811,8.717577867,20.12604416
923,Zekk - Kaleidoscope [Down's Insane],HDDT,4.31137507,8.697881463,45.15794064
488,Yokomin - Yukari [from Love to Grief],NM,5.546875858,8.679719567,43.4275756
213,GYZE - HONESTY [HEART OF SORROW],NM,5.331063823,8.667805719,77.68988102
667,Inori Minase - Yume no Tsubomi [Promise],NM,5.997925103,8.657232407,31.17469703
508,Hoshimachi Suisei - phony [Sui-chan wa Kyou mo Kawaii!],NM,5.149536083,8.655333692,35.75681782
124,DragonForce - Ashes of the Dawn [Insane],NM,4.740297909,8.63970104,45.6885714
348,"Aethral - It's Boss Time, dude [$$$$]",HD,5.55875591,8.635256829,30.02896241
568,MASAKI (ZUNTATA) - Touhou Kijinretsu [ItsWinter's Insane],NM,4.859252415,8.627268757,39.13485747
955,DragonForce - Defenders [Legend],HR,6.168204274,8.626376012,45.23712553
785,Baby's breath - Kusabi [Flame Haze's Insane],NM,4.776886248,8.597187814,38.6651378
982,Basslovers United - A+ Superstar (NeoTune! Remix Edit) (Nightcore Mix) [Insane],DT,4.672391309,8.581455526,28.72779672
425,Aiurabu - Kani*Do-Luck! (TV Size) [Extra!],HDDT,5.555144668,8.572312479,11.19669271
605,Camellia - Fastest Crash [Collab Insane],NM,4.733254404,8.515675718,33.5347966
368,TheLaxOne - Skrillex Circulation [Rekt!],HD,6.301633054,8.512063012,15.81650242
366,Tsukumo Sana - Astrogirl [BEEEG Galaxy],NM,4.883675147,8.511247809,29.9166895
224,Angerfist - Knock Knock [I am the danger],NM,5.83623582,8.505349435,26.4411473
739,Yousei Teikoku - still alive [yami],NM,5.16850201,8.500435158,46.43036013
706,Nanamori-chu * Goraku-bu - Happy Time wa Owaranai [Expert],HR,5.943618072,8.467449789,20.22046154
198,Hanazono Tae (CV: Otsuka Sae) - Hanazono Denki Guitar!!! [Expert],NM,5.808798934,8.445660287,33.95154533
639,Fred V - Already Disappeared [Insane],DT,4.288104776,8.442157301,43.16748341
463,Halozy - Secret Sister Complex [Flandre Scarlet],HDDT,4.169173539,8.441858313,39.02840723
412,Demetori - Kagayaku Hari no Kobito-zoku ~ Counter-Attack of the Weak [Extra Stage],HR,5.879635971,8.42289787,46.32891735
661,Set It Off - Horrible Kids [Kuki's Extra],HDDT,5.668207613,8.414595342,10.43973866
335,S3RL - Bass Slut (Original Mix) [Reform's Filthy Expert],HDDT,5.296457515,8.363020927,12.78094654
650,Pharmacist - North Memphis [808],HD,6.136984033,8.352697507,7.633096593
577,Hana - Songs Compilation [Sakura],NM,5.482436578,8.347500276,31.06878421
704,Uesaka Sumire - EASY LOVE (TV Size) [TEASING MASTER],NM,6.081345601,8.341682802,19.3684866
974,"Wizet, Nexon - Various BGM [Glacier Adventure]",HD,4.509083646,8.313345382,46.57228645
423,Various Artists - Jump & Stream Practice [Settia's High Free Spirits [Fleet]],NM,7.293386995,8.307514191,7.970612964
116,Kano - Stella-rium [Extra],NM,5.64566802,8.302713056,36.95652468
814,kakichoco - Zan'ei [Illusion],NM,5.578497392,8.302601452,37.19952983
819,kakichoco - Zan'ei [Illusion],NM,5.578497392,8.302601452,37.19952983
272,team Umifure - DEEP BLUE TOWN e Oide yo [Mir's Expert],NM,5.025260825,8.208244364,34.97812883
283,MIMI feat. Hatsune Miku - Ai no Sukima [Radiance],DTNF,5.794779357,8.188793461,11.79407891
133,Ayane - FaV -F*** and Vanguard- [Happiness],NM,5.949963528,8.137007994,26.81902532
334,Roselia - This game [Last Game],NM,5.612609502,8.093556524,23.20333183
712,ELECTROCUTICA - Dependence Intension [AERIL'S INSANE],NM,4.50460107,8.07898372,33.55780959
533,xi - Ascension to Heaven [Extra],NM,5.638513605,8.077282309,69.92657928
762,xi - Ascension to Heaven [Extra],NM,5.638513605,8.077282309,69.92657928
768,Bliitzit - Team Magma & Aqua Leader Battle Theme (Unofficial) [Catastrophe],NM,6.413248499,8.075399846,10.88795652
635,Yuyoyuppe - AiAe [Another],NM,4.705918789,8.058991262,51.67363286
476,Seiryu - BLUE DRAGON [Kyshiro's Extra],NM,5.837044847,8.039055787,28.4917695
674,Angerfist - Knock Knock [Insane],HDDT,4.930770867,8.014713061,30.2481305
847,UNDEAD CORPORATION - Yoru Naku Usagi wa Yume o Miru [Lunatic],NM,5.195631744,8.012089618,51.99973582
740,cYsmix - triangles [Expert],NM,4.957406434,8.010479391,24.60841336
726,Memme - Plasma Gun [Another],DT,4.88070625,8.004608263,34.59563439
558,THE ORAL CIGARETTES - ReI [Suou's Insane ft. torriru],HDDT,4.641608644,7.986985928,49.99734624
7,Ray - km/h (TV Size) [Gotta Go Fast!],NM,6.467316462,7.975696344,19.21098509
125,Wakeshima Kanon - Not For Sale Fossil [Frail],HD,6.184569051,7.967477273,21.45022921
685,Frederic - oddloop [queerish dances],NM,5.263776304,7.950674717,25.55831065
333,Reol - No title [Insane],HD,4.724431734,7.949025246,29.40744911
220,Inori Minase - Yume no Tsubomi [Promise],HD,5.997925103,7.926491655,29.01657914
976,455-38B - G e n g a o z o - f o o n [Insane],HD,4.025744554,7.924686386,52.15376428
69,07th Expansion - rog-unlimitation [AngelHoney],HD,6.118307896,7.913098216,72.08868308
444,96neko - Buriki no Dance [Delusion],NM,5.964545278,7.910503,51.92023216
56,An - artcore JINJA [Lunatic],NM,5.014191541,7.904580061,30.38983574
89,Yamajet feat. Hiura Masako - Sunglow [Harmony],HD,6.246191308,7.881259438,22.60710074
148, - accordion [Extreme],NM,7.02802679,7.860012781,3.26904895
999,"25-ji, Nightcord de. x Hatsune Miku - Jack Pot Sad Girl [Marionette Inside the Box]",NM,5.238657508,7.858027132,22.21127856
992,THE ORAL CIGARETTES - 5150 [Extra],NM,6.180439306,7.841493946,24.93104089
573,sakuzyo - Imprinting [Ayaya's Expert],NM,5.670057468,7.835518029,52.16452437
112,TrySail - Utsuroi (Short Ver.) [browiec's Wisdom],NM,6.527377594,7.803796925,9.912870619
583,Hoshimachi Suisei - Ranbu no Melody (Cut Ver.) [Mugetsu],NM,6.209543838,7.801298854,24.86316329
100,yuikonnu - Byoumei Koiwazurai [Insane],HDDT,4.546805343,7.784366992,26.59403758
241,toby fox - Finale [Determination],HD,5.799902745,7.751621473,30.11216052
51,Trivium - Down From The Sky [Heavensfall],HD,5.08222835,7.706225651,43.38743324
858,Ichigo - Shinkuu no Merankori [Extra],HR,5.787258807,7.691218265,28.8291464
376,yuikonnu - Ai no Scenario [Insane],DT,4.273107777,7.679735432,36.06511415
670,Dark PHOENiX - Taketori Hishou [Extra],NM,5.049798086,7.633980826,50.32301946
310,Nanahira - Chikatto Chika Chika [Reform's Expert],HDDT,5.433874875,7.611739507,10.73685592
626,Reol - Asymmetry [-Leadercela-'s Insane],NM,4.901138088,7.586170773,30.36228936
307,FROZEN QUALIA - Present [Petal],NM,5.681956022,7.540011232,31.20217226
938,I love you Orchestra - Coconut Love [Expert],NM,5.542809901,7.539486897,32.03576322
833,yuikonnu - Yume Chizu [Another],NM,5.120760448,7.52029397,29.39090505
218,Colors*Slash - Colors Power ni Omakasero! [Mitsuboshi Jump!],NM,6.152124002,7.508526463,18.7013439
907,Colors*Slash - Colors Power ni Omakasero! [Mitsuboshi Jump!],NM,6.152124002,7.508526463,18.7013439
442,REDALiCE - Pekorap Tropical House Remix [Extra],NM,5.760897256,7.502121651,16.61816065
653,Draw the Emotional - Sad spring [Akitoshi's Expert],NM,5.5248549,7.501715251,47.23091904
709,Shiggy Jr. - oyasumi (Speed Up Ver.) [Extreme],NM,6.879679119,7.500959224,12.38919191
600,Station Earth - Cold Green Eyes feat. Roos Denayer [Reform's Expert],HDDT,4.981911199,7.469201688,17.99504852
19,Bliitzit - Team Magma & Aqua Leader Battle Theme (Unofficial) [Catastrophe],HD,6.413248499,7.462405774,10.18440468
727,Akatsuki Records x Liz Triangle - First Memory / Next Memory [Marathon],NM,5.320512305,7.440157786,35.08296502
772,Lil Mosey - Blueberry Faygo [Extreme],NM,5.980199237,7.40570738,13.04359326
784,ALiCE'S EMOTiON - Dark Flight Dreamer [Shawajoy's Lunatic],NM,5.288097234,7.402632687,42.4698144
640,Ikimonogakari - Blue Bird feat. k*chan [ dj-Jo Remix ] TV Size [Tweet],NM,5.049901302,7.38614515,12.54930278
381,THE ORAL CIGARETTES - Miss Tail [Blackito's Expert],NM,4.963619913,7.38392323,36.50918819
468,Getter Jaani - Rockefeller Street (Nightcore Mix) [Reform's Expert],DT,5.05343348,7.372167618,20.55525825
358,Heatbeat - Mortal Kombat [Mortal],NM,5.414827641,7.36917285,37.44264147
26,FELT - New World [Illusion],HR,6.022142942,7.336748427,33.82588743
17,Project Grimoire - Caliburne ~Story of the Legendary sword~ [Extra],HD,5.812359431,7.325698125,37.24668001
4,3aP9DKu_HayWHuku - no_100_Pu6Jleu [HayWHuku],NM,6.746105111,7.321096361,5.455691695
253,Roselia - -HEROIC ADVENT- [-SHIZUKU'S EXPERT-],HD,5.379618956,7.319090541,29.03797278
127,Ray - km/h (TV Size) [Kyuukai's Extreme],NM,6.197962717,7.290616188,21.62074959
761,Victorious Cast - Take a Hint feat. Victoria Justice & Elizabeth Gillies (Speed Up Ver.) [I Think You Could Use a Mint],DT,5.332711408,7.284735673,11.18248284
275,Fellowship - Glory Days [Maki's Extra],HR,5.63434076,7.284400096,43.73403214
495,pyrokinesis - absolutely black body [sssssssssssWs!],NM,5.935048588,7.278665853,17.63051304
609,chano & 40mP - Natsukoi Hanabi (Sped Up Ver.) [browiec's Extra],HDDTHR,5.29334146,7.263467015,16.44828782
294,Lana Del Rey - Dark Paradise [A Bitter Melody],NM,4.476755995,7.260591832,44.6217302
559,Aline Barros - Eu Li Na Biblia (Sped Up & Cut Ver.) [Insano do Kujinn],HDDT,4.901300872,7.241694608,10.6925686
805,Sougetsu Eli - Aoi Chou [Transient],HDHR,6.067796695,7.237001698,22.3336102
816,DJ TOTTO feat. *spiLa* - illumina [expert*],NM,5.271949482,7.211961023,39.73751381
317,Ikimonogakari - Blue Bird feat. k*chan [ dj-Jo Remix ] TV Size [Kirishima-'s Expert],NM,4.866308962,7.205238295,17.38220713
363,Yooh - snow storm -euphoria- [INFINITE],NM,5.372065958,7.202179901,43.24558965
924,Camellia feat. Nanahira - Bassline Yatteru? lol (Cranky Remix) [not sure],NM,5.127494482,7.183601558,16.31285951
703,Nanahoshi Kangengakudan - Rubik's Cube [Chaos's Expert],HDHR,5.464273408,7.166924565,46.4760772
627,TRUE - DREAM SOLISTER [Insane],DT,4.6995474,7.160250483,35.53880389
975,YURiKA - Shiny Ray (TV Size) [hakashii's Insane],DT,4.53847687,7.131864111,16.48684676
329,HyuN - Tokyo's Starlight [Collab Insane],HD,4.745607045,7.121693694,42.45960063
989,9mm Parabellum Bullet - Inferno [Tragic Death Extra],NM,6.143737898,7.075316991,50.71810174
351,Adust Rain - psychology [Shiinoha's Insane],NM,4.289876002,7.002153853,39.81878244
114,HoneyWorks feat. sana - Ijiwaru na Deai [wkyik meets love],NM,5.135514831,6.996804371,32.40466932
67,La factoria - Perdoname (Hatsune Miku Ver.) [Gomenasai],HDHR,6.180164033,6.973045246,17.31412051
515,Super Chorogons - Maid with Dragons (TV Size) [Peaceful],NM,5.382329078,6.954722594,11.79890729
81,Feint - We Won't Be Alone (feat. Laura Brehm) [MKL's Insane],HDDT,4.619530801,6.951026609,20.51050158
944,Taishi feat. Hatsune Miku (Eng ver) - Scaler [Necho$_lai's CollabConservative],HR,5.253509315,6.940809823,28.58076663
91,Rabpit - Sacred [Insane],DT,4.877400199,6.933019602,55.96837992
139,VINXIS remixed by aitojames - Sidetracked Eminem [Zugolom's Stream Shady],NM,5.925883221,6.921783188,29.61203101
715,THE ORAL CIGARETTES - GET BACK [Somewhere],NM,6.055971525,6.903486391,21.76811329
748,Mrs. GREEN APPLE - Ao to Natsu [Reform's Summer],NM,6.137167592,6.86622562,15.93415666
882,t+pazolite - Party in the HOLLOWood feat. Nanahira [EXTreme],NM,5.777577224,6.859802395,33.87916406
864,the peggies - Kimi no Sei (TV Size) [Reform's Expert],DT,5.017577548,6.856161122,15.17532205
594,MIMI feat. Hatsune Miku - Marshmary [Horizon],HDDT,5.491229107,6.84452443,13.31206822
419,AAAA vs. Morimori Atsushi - Xrocus [Insane],NM,4.650224941,6.839176358,41.072533
891,Aimer - I beg you [Lost Butterfly],DT,3.758926541,6.832297891,40.77513931
350,FELT - New World [Illusion],HDHR,6.022142942,6.801255317,31.12901769
23,Suzuki Konomi - Realize (TV Size) [Grasp of the Undying],NM,6.303162442,6.782280727,13.90868824
890,CloZee - Koto [CChu's Intense],HD,5.098392139,6.777842489,39.15158721
954,Getter Jaani - Rockefeller Street (Nightcore Mix) [Reform's Expert],HDDT,5.05343348,6.775649749,19.10964487
147,Hagumi Nishizawa - My Hero! Up to you! [Extra],HDDT,5.103358428,6.771018276,20.62785528
388,THE ORAL CIGARETTES - Amy [Meg's Extra],NM,5.624847096,6.748393599,28.16339353
362,LiSA - confidence driver (Cut Ver.) [Expert],HD,6.161229549,6.747149565,13.69811148
161,Hitomi Harada - Overdrive [Extra],NM,5.700060609,6.738987631,24.21948724
20,RD-Sounds feat. Meramipop/nayuta - Shiten [Collab Extra Stage],HR,5.217209822,6.7299163,39.56588134
787,9mm Parabellum Bullet - Inferno [Tortured Soul Extra],NM,6.661078656,6.669009925,54.41828422
95,Feint - Tower Of Heaven (You Are Slaves) [Extra],NM,5.087090002,6.638317735,67.01127952
337,Feint - Tower Of Heaven (You Are Slaves) [Extra],NM,5.087090002,6.638317735,67.01127952
638,Feint - Tower Of Heaven (You Are Slaves) [Extra],NM,5.087090002,6.638317735,67.01127952
53,40mP feat. yuikonnu - Ame to Asphalt [Rain],NM,6.265702537,6.624261347,13.26790493
325,Diana Garnet - Spinning World (Anime Ver.) [Sotarks' Insane],HDDT,4.824800172,6.622217489,13.47263622
365,Tatsh - Xevel [Extra],HDHR,5.38187535,6.608246031,42.44850033
872,dj TAKA - quaver [Fiery's Extra],NM,6.366777915,6.602391857,8.254784482
87,Omoi - Snow Drive(01.23) [pk's Insane],NM,4.649038423,6.601973864,23.72547601
321,TrySail - High Free Spirits -TV.Ver- [StarR's Extra],NM,6.018273298,6.600135113,18.92202539
968,TrySail - High Free Spirits -TV.Ver- [StarR's Extra],NM,6.018273298,6.600135113,18.92202539
511,senya - Zouka de Arou to Shita Mono [Narcissu's Lunatic],DT,4.294934781,6.57892934,44.03611205
472,OxT - UNION (TV Size) [SSSS],NM,5.655973052,6.577068615,21.10222539
79,Sakuzyo feat. Nikki Simmons - Destr0yer [Another],HDDT,4.473680405,6.519743623,29.53924163
952,Toyama Nao - Gunjou Infinity [Abelia's Insane],NM,4.655378684,6.517097656,37.06708057
741,S3RL - Pika Girl [Insane],NM,4.57261979,6.51190483,37.24383538
143,Ray - km/h (TV Size) [A r M i N's Extra],NM,5.891306546,6.50824842,18.02670867
987,senya - Yakusoku no Chikara [Abyssal Catharsis],DT,4.413855025,6.485142774,34.40020757
84,Koda Kumi - Guess Who Is Back (TV Size) [Expert],HDDT,5.26533795,6.459112921,11.92888697
765,CHiCO with HoneyWorks - Kessen Spirit [FLY HIGH!!],HR,6.502061097,6.454748298,33.6008772
416,Colors*Slash - Colors Power ni Omakasero! [Rainbows],NM,6.032605115,6.454097907,11.92646243
576,Intervals - The Self Surrendered [Forever],HR,5.838544118,6.444353018,40.7273432
788,Poppin'Party - Time Lapse [Insane],DT,4.694678967,6.41814634,12.19444451
57,Fujijo Seitokai Shikkou-bu - Best FriendS [Everlasting MemorieS],HDDT,4.968129534,6.396985901,25.74094687
8,senya - Saihate no Kotoba [Ghostly],HDDT,4.405434927,6.380581614,38.93555557
387,Inugami Korone & Nekomata Okayu - Hyadain's Jojo Yujo [Yuuma & Amateurre's Insane],NM,4.899620121,6.377393154,25.04614735
556,Sakamoto Maaya - Okaerinasai (tomatomerde Remix) [Collab],NM,4.654189034,6.372419798,31.32553461
623,Eve - Outsider [Extra],NM,5.174943068,6.321329918,28.58585045
454,fhana - little secret magic [Linada's Insane],NM,5.073052604,6.269333935,22.70821317
978,DJ Fresh - Gold Dust [Insane],HD,4.929929693,6.268463096,22.92026692
146,Gohma - Forward [Light Breakout],NM,5.207053174,6.258938982,21.13161347
151,Laur - Sound Chimera [Orthrus],HD,4.494444827,6.239547935,44.04735038
437,Brandy - Cross Time !! [captin's Extra],NM,4.96492587,6.235177824,34.90567547
895,Sonny Shimoda & Shoebill - Relapped Foxification [Moderately Renarded],NM,2.973154777,6.198160866,33.91856144
318,YOASOBI - Yasashii Suisei (TV Size) [Frail],HDDT,4.245266545,6.197925621,13.03937235
164,ClariS - SHIORI vs. Hitorigoto [Kencho's Insane],HDDT,4.999893161,6.177222516,15.65650355
402,Ryu* feat.Mayumi Morinaga - Din Don Dan [Din Don Dan],DT,4.410051371,6.174530801,32.72056773
390,HyuN - Infinity Heaven [Ad Infinitum],NM,4.783571013,6.173443255,49.46716231
63,"Megu (CV: Murakawa Rie), Syaro (CV: Uchida Maaya) - Ashioto Tarte Tatin [Kyuuchinyuni's A la Carte]",HDHR,5.767824879,6.17024656,27.7487319
12,Geri Halliwell - It's Raining Men [HP's Slip 'n Slide Mishap],NM,4.187495281,6.162695802,43.3144227
129,ke-ji feat. Nanahira - Ange du Blanc Pur [Insane],NM,4.679647825,6.137145771,44.86749551
618,fhana - little secret magic [HB's Expert],NM,5.508058755,6.109781654,15.4528316
215,SPYAIR - Sakura Mitsutsuki [A r M i N's Extra],HDDT,5.334442467,6.095309787,15.05209155
460,yuikonnu - Heart no Atoaji [Sotarks' Emotions],NM,6.043173542,6.089420686,16.25090943
42,"Yamaguchi Rikako, Asakura Momo, Taneda Risa, Suwa Ayaka, Natsukawa Shiina - UNION!! [6MIX]",HDDT,4.895083174,6.088863771,30.58298157
479,Feint - Tower Of Heaven (You Are Slaves) [Another],HDDTNF,4.392075877,6.082248339,54.47983948
296,CHiCO with HoneyWorks - Kessen Spirit (TV Size) [Sotarks' Revolution],NM,6.223776017,6.06805902,22.17190986
160,Power Of Nature - Shounen wa Sora o Tadoru [Special],NM,5.479451733,6.062255765,41.91135639
951,"storyteller(cosMo x GAiA) feat. IA, Kagamine Rin - Anti the EuphoriaHOLiC [Nowa's Insane]",NM,4.609224988,6.050733584,38.72390737
835,dj TAKA - quaver [Nevo's Extra],HD,6.362436785,6.049447001,11.71760134
817,"Kirisaki Chitoge (CV: Touyama Nao), Onodera Kosaki (CV: Hanazawa Kana) - Taisetsu no Tsukurikata (Asterisk Remix) [Reform's Expert]",HDDT,5.079381801,6.028900373,18.25835244
962,KINEMA106 - Fly Away [Extra],HD,5.591382606,6.022185373,18.67118169
433,Touno Sakura - PRIZM/CIRCUiT [Lovely],NM,4.657795167,6.008503377,35.20325151
517,Renard + Adraen - Physicality [Nogard's Extra],HDHR,5.77368469,6.003007156,20.68718069
690,WALKUERE - Ikenai Borderline [Insane],NM,4.815547566,5.99968203,24.24439203
391,Sarah Connor - Cold As Ice (PH Electro Remix) (Nightcore Mix) [My Angel Kuki's Expert],NM,4.940866712,5.998722738,30.64314187
694,kalon. - Juubaku [VINXIS' Insane],NM,4.81922072,5.995541233,25.75733776
326,Caravan Palace - Lone Digger [Hayu's Hyper],NM,4.772402577,5.965978516,27.26123762
606,Noisia - Shellshock feat. Foreign Beggars [deetz's Insane],NM,4.77365055,5.9517985,21.70376136
214,ClariS - SHIORI -TV size mix- [Apex],HDDT,5.630903936,5.951457085,14.29225085
236,Toby Fox - THE WORLD REVOLVING [CHAOS! CHAOS!],HDHR,6.067897569,5.94548519,21.51928249
256,Hayley Williams - Airplanes (Feint Drum and Bass Remix) [Insane],EZHDDT,3.596974458,5.891339357,4.624295374
302,Araki - Teo [Sotarks' Insane],NM,4.564661314,5.884002721,31.84523192
431,Hanatan - Airman ga Taosenai (SOUND HOLIC Ver.) [Insane],HD,4.893240826,5.879828921,41.82951685
752,Wakeshima Kanon - Tsukinami [Nostalgia],HDDT,6.146689429,5.871438304,29.47154149
222,amazarashi - Kisetsu wa Tsugitsugi Shindeiku [Insane],HD,4.795324452,5.860264762,25.40613906
199,Aitsuki Nakuru - Krewrap no uta [Easy],NM,5.974986222,5.85202256,10.57617584
319,DM DOKURO - SAVE (Encore) [Fatfan's Expert],HDDT,4.998148763,5.848312232,10.22960158
610,DM DOKURO - SAVE (Encore) [Fatfan's Expert],HDDT,4.998148763,5.848312232,10.22960158
247,Set It Off - Horrible Kids [Cataclysm],NM,5.901080833,5.822710156,10.09567958
378,Aether & Sizzlebird - Raccoon City (ft. Veela) [LCFC's Hard],DT,3.382576441,5.816882539,35.38472964
544,THE ORAL CIGARETTES - Mou Ii kai? [Nikakis' Hard],DT,3.343010901,5.806930182,7.228769827
102,yuikonnu - Heart no Atoaji [Insane],NM,5.09544786,5.790885782,21.70811064
855,haisuinonasa - circle [Collab Hard],DT,3.651440507,5.76595893,35.61345014
33,Digital Sexy - Til Death (Nightcore Mix) [Taeyang's Expert],HDDT,5.102735676,5.764646673,11.66095119
398,Nomy - Cocaine (Nightcore Mix) [Insane],HR,5.224747281,5.764519387,24.00598028
904,xi - Ascension to Heaven [Death],HDHR,5.78321379,5.754394444,69.23184749
725,Fujiwara Chika (CV: Kohara Konomi) - Chikatto Chika Chika (TV Size) [Chika],NM,5.795931512,5.706600077,10.39035717
267,Ye Mao - Red Sun In The Sky [Insane],NM,4.543203658,5.704633039,12.870912
339,EVO+ - [A]ddiction [Insane],NM,4.64287149,5.702734969,28.23972583
985,BTS - IDOL [Collab Hard],NM,3.11964844,5.694603379,42.70430051
422,Naoki Miki(CV.Takahashi Rie) & Ebisuzawa Kurumi(CV.Ozawa Ari) - Unhappy End World [Hope],HR,6.076710181,5.673028634,26.28744571
906,Sex Whales & Fraxo - Dead To Me (Instrumental) [A r M i N's Extra],NM,5.423982072,5.650586961,10.44179296
343,They Might Be Giants - Stomp Box [Stomped!],HDDT,4.219946827,5.635887547,17.13526837
720,Zedd - Clarity (feat. Foxes) (kamome sano remix) [The Song Is About a Tragic Love],HDHR,5.486313618,5.612267621,30.66929125
395,senya - Koyoi Index [Lunatic],HDDT,4.042019246,5.607759235,26.72856703
806,dj TAKA - quaver [Reform's Insane],HDDT,4.820982889,5.604648518,10.64672804
645,Shikai Yue - Telecaster B-boy [Free and Dead as a Bird],NM,5.256075821,5.552086976,15.68353663
66,GALNERYUS - RAISE MY SWORD [AnimLoli's Expert],DT,5.617946001,5.551720121,43.56773921
803,THE ORAL CIGARETTES - Mou Ii kai? [NiVo's Extra],HR,5.837338829,5.541031712,36.66637766
426,Porno Graffitti - THE DAY [Meyrink's Insane],NM,5.136562006,5.54029241,14.69995461
231,Bentham - Chicago [Expert],NM,5.544854941,5.505255928,10.25539786
666,"Little Glee Monster - Dakara, Hitori ja Nai (TV Size) [Happiness]",NM,5.763313177,5.503269214,12.33575247
178,Aiurabu - Kani*Do-Luck! (TV Size) [A I U R A !],NM,6.395425699,5.494374333,8.91922356
98,MISSING HEART - MOONLIGHT SHADOW (New Vocal Version) [Heavy],NM,4.432036266,5.460386996,28.51566587
10,TRUE - Soundscape [Skybleru's Hard],HDDT,3.553152405,5.455624448,25.45701684
512,Kano - Dear Brave [Bravery],NM,6.021465304,5.436445821,16.66824043
313,HAG - Arrow [Firika's Insane],NM,4.406599083,5.434590341,32.45801157
776,YOASOBI - Yoru ni Kakeru [Hard],NM,3.221890599,5.414477443,33.56552161
436,Crywolf - Eyes Half Closed [Remap],NM,5.460696399,5.412930206,20.57139246
83,toby fox - Last Goodbye [Determination],NM,5.771534023,5.41142274,14.56058154
870,toby fox - Last Goodbye [Determination],NM,5.771534023,5.41142274,14.56058154
269,"Arata Iiyoshi, Hideki Sakamoto, Keisuke Ito - Boss Battle! [Challenge!]",NM,5.935573402,5.409646509,12.04130638
498,Nogizaka46 - Yubi Bouenkyou (TV Size) [Glaceon's Extra],NM,5.540147255,5.401602851,11.55577606
751,Mutsuhiko Izumi - Chinese Snowy Dance [Insane],NM,4.722981585,5.373675654,49.723856
655,765 MILLION ALLSTARS - Brand New Theater! [We are all MILLION!!],HDHR,5.998041226,5.355467847,28.96076892
699,Mizuki Nana - STARTING NOW! (TV Size) [2D Supremacy],HD,5.607640485,5.348858901,24.20974112
430,Komiya Mao - (can you) understand me? [heh?],NM,5.30876709,5.339756795,17.14802352
174,Will Stetson - Despacito ft. R3 Music Box [Hakura's Extra],HDDT,5.338461891,5.337522269,7.930565267
911,THE ORAL CIGARETTES - ReI [Suou's Insane ft. torriru],HD,4.641608644,5.328757329,38.59450096
279,Himeringo - Idola no Circus [Reform's Insane],HDDT,4.482149521,5.307820463,19.43526031
687,chano & 40mP - Natsukoi Hanabi [Spark of Light],DT,5.008276815,5.280366765,12.04858426
534,Roddy Ricch - The Box [jamesjan's Hard],DT,2.790552619,5.27829608,18.14951105
406,Bad Bunny - La Santa (feat. Daddy Yankee) [no te hagas tu eres igual],NM,4.759164951,5.263070325,20.53131755
735,"Pyxis - Koise yo Minna, Hai! (TV Size) [Hai!]",DT,5.232494643,5.250698497,11.54437632
702,Turbo - PADORU / PADORU [Xenon's Hi-Speed Expert],HD,5.433327501,5.230454787,3.622486342
353,Yorushika - Hana ni Bourei [Phantom],NM,4.673647318,5.225064194,27.58204733
571,Spira Spica - Sansan Days (TV Size) [Insane],DT,4.637534345,5.186955503,9.748510696
165,RADWIMPS - Zen Zen Zense (movie ver.) [Extra: Taki],NM,5.437408369,5.160100696,17.80604421
420,Primary - Awake [Goodbye],HDHR,5.803804571,5.154704799,19.72677982
813,Starset - My Demons [Survivability],HD,5.455327784,5.143311292,18.82044521
721,TUYU - Doro no Bunzai de Watashi dake no Taisetsu o Ubaouda nante [Hard],HDDT,3.380556668,5.1416859,16.14757747
315,"Ben and Ben - Kathang Isip [Burst damage or damage over time, it's still the same when you let go.]",NM,3.361084182,5.137880186,31.14325764
135,Foreground Eclipse - Storytellers [Lunatic],NM,4.586962021,5.132853741,33.77393866
25,Breaking Benjamin - Breath [Extra],NM,5.272865847,5.132029849,25.81631267
188,kakichoco - Zan'ei [Illusion],HDHR,5.578497392,5.114572975,30.4044785
708,HAG - Colorful [Nevo's Expert],NM,5.473918882,5.112717478,8.915855505
734,REDALiCE - Great nano desu [Insane],NM,5.252775983,5.106639365,65.65949514
270,Sayuri x MY FIRST STORY - Reimei (TV Size) [xChippy's Extra],HDHR,5.944020269,5.099911807,17.75916404
44,AK X LYNX ft. Veela - Virtual Paradise [thzz' Insane],HDDT,4.36758666,5.088827578,15.50107337
443,Various Artist - Oriental's Long Stream Practice & Training Maps [BPM176 Hana Kagerou],NM,4.568090211,5.080548237,112.9038039
881,Evoluutiomies - Suklaapallit [Mukun Suklaapallit],HDDT,3.948780821,5.069812908,21.88315887
611,Memme - Xiao Long Bao [Another],NM,4.409428387,5.046409528,34.82022452
303,YUI - Rolling star [Insane],HDDT,4.199617687,5.037103572,25.2254851
210,Imagine Dragons x JID - Enemy (TV Size) [Misery],HDDT,4.492892853,5.025796856,7.388950617
445,Machico - fantastic dreamer [Meg's Extra],NM,5.283468846,4.999218444,18.24870912
40,AKINO from bless4 & CHiCO with HoneyWorks - MIIRO vs. Ai no Scenario [Tatoe],HD,5.98180005,4.991168554,12.94997192
159,SPYAIR - Sakura Mitsutsuki (TV Size) [Aurora],NM,5.734609884,4.972874477,14.98798307
474,Down - Ekoro [Light Insane],NM,3.91297766,4.971347003,21.92052097
158,Seiryu - BLUE DRAGON [Fiery's Insane],NM,4.83871069,4.953740074,27.40508949
144,S3RL feat Mixie Moon - FriendZoned [Slayed's Insane],HDDT,4.534460674,4.938121445,18.88782091
722,Fractal Dreamers - Gardens Under A Spring Sky [Hyper],HD,4.67013489,4.913209238,45.25338501
6,07th Expansion - rog-limitation [Hard],DT,3.245970501,4.90908652,19.42152385
72,toby fox - Hopes and Dreams [Insane],HDDT,3.999426737,4.893310796,16.93104959
475,MIMI feat. Hatsune Miku - Marshmary [Insane],DT,4.541266365,4.879148653,10.7253832
140,Ryu* - I'm so Happy [Extreme],NM,4.960661359,4.876481276,26.37622202
948,RADWIMPS - Yume Tourou [Insane: Taki],NM,4.80720022,4.869208801,24.14931526
873,Mitsuki Kotono - Fuyu ni Saku Hana [Nostalgia],HD,5.449980409,4.857687267,20.28169799
764,BLACKPINK - Pink Venom [Taste That!],NM,4.652882638,4.85608887,21.16039372
327,"Wake Up, May'n! - One In A Billion [Rosiie's Insane]",NM,4.59351047,4.848754352,22.11675164
668,ALTIMA - I'll believe (TV size) [P A N's Insane],HDDT,4.540635144,4.84549439,24.40184523
96,Rokudenashi - Tada Koe Hitotsu [Hard],HDDT,3.27486205,4.84505076,30.55094013
830,Hanatan - Torinoko City [Insane],HDDT,3.829049407,4.836980841,30.35140766
285,EVO+ - [A]ddiction [117's Insane],NM,4.153993926,4.812724231,33.20950804
446,Various artists - Spaced Streams Compilation [code crimson],HD,5.564377423,4.81003834,14.31288956
141,Ishihara Kaori - Plastic Smile (TV Size) [My Angel Nymphe's Insane],HDDT,4.528015013,4.807234193,15.75842068
933,S3RL - Bass Slut (Original Mix) [Indecent Insane],HDDT,4.610647091,4.802075292,10.31673906
939,Spira Spica - Sansan Days (TV Size) [Insane],HDDT,4.637534345,4.801240812,9.141351907
105,ClariS - SHIORI -TV size mix- [Extra],NM,5.300088198,4.799407751,12.98779979
273,technoplanet - Juvenile [Insane],NM,4.675072571,4.79911982,35.75359813
401,kradness&Reol - Remote Control [Max Control!],DT,5.724851834,4.773086372,30.95933414
562,Sasaki Shiori - Indigo Star [Insane],HDDT,4.16237812,4.765727886,29.32502863
276,Kicco - Amazing sky [Momoka's Insane],HDDT,4.107455783,4.749079477,19.36894199
621,Masayuki Suzuki - DADDY ! DADDY ! DO ! feat. Airi Suzuki (TV Size) [Kujinn's EXPERT !],DT,4.353794303,4.702892101,10.58829453
958,The Cab - Angel With A Shotgun (Sped Up Ver.) [Akitoshi's Expert],HDDT,4.653921296,4.689479234,10.85686987
29,ClariS - SHIORI -TV size mix- [Habi's Extra],NM,5.163784236,4.687377757,13.75956611
469,STAYC - STEREOTYPE [Hard],HDDT,3.256869412,4.681407097,16.01017808
587,MIMI feat. Hatsune Miku - Marshmary [Horizon],NM,5.491229107,4.668823399,12.84096715
642,EDOGA-SULLIVAN - WONDERFUL WONDER (TV Size) [WONDROUS],HDDT,4.68571824,4.647551576,9.129345175
177,ZUN - Dark Side of Fate [Lunatic],NM,4.784486675,4.639431602,44.42381731
909,ZUN - Judgement in the Sixtieth Year ~ Fate of Sixty Years [Insane],HDDT,3.373159069,4.631965592,28.8418839
965,Yamajet feat. Hiura Masako - Sunglow (Cut Ver.) [Kowari's Extreme],HDDT,6.020871572,4.588528977,17.58413315
427,Sawamura Spencer Eriri (CV.Oonishi Saori) - Blooming Lily [Insane],DT,4.013102444,4.577347674,20.3477377
492,"Getter Jaani - Rockefeller Street (Nightcore Mix) [1-2, 7 3.]",DT,5.466533661,4.52820815,24.83138328
620,sweet ARMS - I swear (TV Size) [Yasai's Extra],NM,5.352418513,4.508182036,15.97155179
604,TrySail - Utsuroi (Short Ver.) [mnyui's Extra],NM,5.279954856,4.49673798,6.957304857
467,yanaginagi x THE SIXTH LIE - LEVEL (TV Size) [Expert],NM,4.916578728,4.490540544,21.86505382
299,MIMI feat. Hatsune Miku - Marshmary [Insane],HDDT,4.541266365,4.489364095,10.086565
930,Seishun Buta Yarou Cast - Fukashigi no Karte [Uyamuya],NM,3.612963046,4.481266997,17.65004041
736,Nashimoto Ui - AaAaAaAAaAaAAa [SMOKELIND's InSaNE],HDDT,4.365434275,4.479693669,11.12551981
936,supercell - Kimi no Shiranai Monogatari [Our Story in the Stars],DT,5.454034408,4.473331604,33.28053331
652,Feint - Tower Of Heaven (You Are Slaves) [Another],NM,4.392075877,4.47073591,48.36472602
521,HO-KAGO TEA TIME - Kira Kira Days (Cut Ver.) [Reform's Expert],NM,5.452532018,4.421424001,10.49673041
925,Icon For Hire - Make a Move (Speed Up Ver.) [Lami's Extra],NM,5.870890551,4.404057793,6.349803414
254,Hommarju feat. Latte - masterpiece [Insane],HR,4.687747322,4.403091767,25.68317011
656,Bad Bunny x Mora - Una Vez (Cut Ver.) [PKHG'S HARD],NM,3.288630203,4.366308922,20.11889529
747,Ricky Montgomery - Cabo [Hard],NM,3.021475372,4.357084531,22.6972185
851,Kidd Tetoon feat. Diego Smith - Illuminati (Cut Ver.) [Secreto],NM,5.028900127,4.342566496,16.90492548
956,Mago de Oz - Bajo mi piel [Broken Faith],HDDT,4.408352478,4.342429571,35.10668124
389,LilDeuceDeuce - EVERYBODY DO THE FLOP (Cut Ver.) [Aakki's Hard],DT,3.659386751,4.31208151,12.19644236
54,MIMI feat. Hatsune Miku - Marshmary [Horizon],HD,5.491229107,4.309349269,12.0457511
980,kis-kis - ne uchi (Cut Ver.) [Reform's Expert],NM,5.444426882,4.293092727,8.069303395
286,Starset - My Demons [Insane],NM,4.496890779,4.251873785,19.896233
927,GHOSTEMANE - Mercury: Retrograde [Kalindraz's Insane],NM,4.458197193,4.220708147,18.95670682
392,9mm Parabellum Bullet - Inferno [Agonizing Insane],NM,4.662439042,4.189729084,26.2913968
794,ClariS - Hitorigoto -TV MIX- [Xxdeathx's Insane],NM,4.94273125,4.167691474,13.21166056
591,Fujijo Seitokai Shikkou-bu - Best FriendS -TV Size- [Fycho's Insane],NM,4.899453178,4.159257381,17.29744105
549,saradisk - 168 - 401 [Insane],NM,4.335289418,4.156337612,15.80207973
865,MIMI feat. Hatsune Miku - Ai no Sukima [Insane],HDDT,4.515536577,4.149849645,8.642869005
902,Panda Eyes & Teminite - Immortal Flame (feat. Anna Yvette) [Insane],NM,4.253462188,4.128586915,19.12976148
857,supercell - Kimi no Shiranai Monogatari -TV Edit- [Insane],NM,4.69166567,4.121932106,17.96696366
217,S3RL - I'll See You Again (feat. Chi Chi) [Hard],NM,3.28485386,4.113150907,26.23623199
922,Maffalda - pensamento tipico de esquerda caviar [Kuron's Insane],HDDT,4.69488118,4.109037623,10.3326755
314,Junjou no Afilia - Kyuukyoku Unbalance! (TV Size) [Kowari's Insane],HDDT,4.24595183,4.092663596,20.62758931
386,Within Temptation - The Unforgiving [Stairway to the Skies],NM,3.019800794,4.091313196,32.47106061
957,Within Temptation - The Unforgiving [Stairway to the Skies],NM,3.019800794,4.091313196,32.47106061
490,Three feat. Kagamine Len - Ego Rock [Extra],NM,5.043585025,4.076103869,10.88501726
555,YOASOBI - Love Letter [Please accept my overflowing emotions.],HD,4.41688205,4.064142426,18.26062222
632,Unknown Artist - Miniministop Hitoyasumi no Uta[Mokuyoubi]Gakusei no Uta [Chromstrata's Extra],EZHDDT,3.786219784,4.056655846,4.778227886
293,Yooh - snow storm -euphoria- [EXHAUST],NM,4.796489524,4.055331523,35.8450677
447,Ci Mei Gui - Wu Xuan Lan [Zekks' Insane],HDDT,4.227983539,4.045138671,13.13006952
535,Riryka - Glass no Loneliness [Clear],HD,3.61772732,4.03708453,31.19293244
99,OxT - Clattanoia (TV Size) [GLACEON'S NORMAL],NM,2.292287815,4.002525962,15.1491767
582,Ikimono Gakari - Netsujou no Spectrum [Tt's Insane],DT,3.946926101,3.990456677,17.86302341
671,Turbo - PADORU / PADORU [Gift],NM,6.300908351,3.980565421,7.05282151
981,ClariS - Hitorigoto -TV MIX- [Insane],HDDT,4.367230747,3.972317257,9.587263347
242,OxT - Silent Solitude [Ipas' Insane],NM,4.103263524,3.966385975,24.81833646
839,Hyadain - Hyadain's Jojo Yujo (TV Size) [Hard!],NM,3.3212361,3.964325893,13.43421326
360,Yuma Mizonokuchi feat. Ai Ohsera - Princess Lily [Hard],NM,3.600707308,3.944396067,18.76378256
62,Lia - Bravely You (TV Size) [-Tochi's Insane],NM,4.623425115,3.929857144,15.86439954
493,the peggies - Ashiato (TV Size) [Aistre's Insane],NM,4.228402314,3.910301911,19.38649987
994,Ando Hirokazu - Gourmet Race [Expert],NM,4.79689737,3.895608574,12.15694349
681,"Gabry Ponte, LUM!X, Prezioso - Thunder (Nightcore Mix) [Easy]",NM,1.723738667,3.885117207,16.46228302
73,Giga feat. KAFU - CH4NGE [TH3 THR1LL OF CH4NCE],HDDT,4.216045444,3.877836748,20.40678459
193,Junichi Masuda - Gym Leader Battle (Black/White ver.) [vs. Kurai],HDDT,4.095449927,3.866918052,16.52541666
766,supercell - The Bravery (TV Edit) [Insane],HDDT,4.1118342,3.838264574,8.530754662
1,ayase rie - yuima-ru*world [Real's Insane],HD,4.350004994,3.805795801,25.47350591
691,Nanamori-chu * Goraku-bu - Acchu~ma Seishun! (TV Size) [Reform's Extra],HR,5.30739679,3.784734313,15.46320658
758,Yasuda Rei - Passcode 4854 (TV Size) [Dream],DT,4.136288599,3.783240932,7.299656909
630,Kayano Ai - Oracion(TV-Size) [wkyik's Insane],NM,4.437269199,3.776528251,15.04475329
357,Okazaki Taiiku - Kimi no Bouken (TV Size) [Extra],HDHR,6.028820793,3.742161828,11.04387
189,Sayuri - Sore wa Chiisana Hikari no Youna (TV Size) [browiec's Expert],HDDT,4.336819851,3.700231394,7.629091009
800,Tamura Yukari - MERRY MERRY MERRY MENU... Ne! [Kencho's Insane],HDDT,4.293985115,3.696923165,8.336160632
399,Meiko - Leave The Lights On (KROT Remix) [Insane],NM,4.06974258,3.633949347,19.77546689
646,LVTHER - Some Kind Of Magic (Feat. MYZICA) [Walao's Insane],HD,4.152145836,3.567290093,9.605640662
28,DM DOKURO - SAVE (Encore) [Fatfan's Expert],NM,4.998148763,3.55110195,8.65174421
552,The Living Tombstone - My Ordinary Life [Insane],NM,4.557102524,3.531519418,5.371229274
673,MIMI feat. Hatsune Miku - Mizuoto to Curtain [Lucid],HD,5.919261866,3.524180357,8.079958199
525,"Yuni (CV: Kohara Konomi), Chieru (CV: Sakura Ayane), Chloe (CV: Tanezaki Atsumi) - Nakayoshi Sensation [sahuang's Normal]",DT,1.951382644,3.517268482,11.72699802
138,Aiurabu - Kani*Do-Luck! (TV Size) [Extreme!],HDHR,5.996961196,3.512896509,7.630754672
812,The Cab - Angel With A Shotgun (Sped Up Ver.) [Insane],DT,3.995861501,3.505756393,9.098349826
915,September - Satellites [Insane],HDDT,3.930441831,3.498034372,13.59221946
848,Yasuda Rei - Passcode 4854 -TV edit- [Insane],DT,3.831027135,3.4837582,11.29960597
531,Partai Perindo Indonesia - MARS PERINDO [upah mocalice untuk menyatukan bangsa dan negara],DT,4.580506698,3.448784485,4.268660666
998,Bladee - Hotel Breakfast [Good boyy],NM,3.984093776,3.439367261,16.89116675
142,sweet ARMS - Trust in you (TV Size) [Another],NM,4.647580554,3.427799039,10.81659993
328,IOSYS - Endless Tewi-ma Park [Tewi 2B],DT,2.697355317,3.411843532,18.30026215
883,S3RL - Bass Slut (Original Mix) [Reform's Filthy Expert],DT,5.296457515,3.408301203,13.41628809
918,Aqua Timez - Saigo made II (TV Size) [browiec's Extra],DT,5.603649481,3.389564544,14.66176001
232,/v/ - AAAAAAAAAAAAAAAAAAAAAAAAAAAAAY LMAO [Kyshiro's Ayylien Invasion],HD,6.002547611,3.383711957,4.080289277
585,nomico - Hoshikaze no Horoscope (TV Size) [Skystar's Insane],DT,4.084880562,3.373409342,10.74614896
441,EDOGA-SULLIVAN - WONDERFUL WONDER (TV Size) [Insane],HDDT,4.572944558,3.353752588,6.055157039
323,TRUE - Soundscape [Waji's Hard],NM,3.34918315,3.325106877,11.79234303
589,Reol - No title [Lust's Insane],HR,5.218466469,3.31389302,10.28264924
644,The Living Tombstone - Goodbye Moonmen- Rick and Morty Remix [Insane],NM,4.437338853,3.300800608,8.375045117
811,Memme - Plasma Gun [eXtra],HDHR,5.274730875,3.300725706,26.64277118
575,Roromiya Karuta(Hanazawa Kana) - sweets parade [Walao's Extra],HD,5.300087232,3.29053798,11.86353456
779,ClariS - Hitorigoto -TV MIX- [Hard],DT,3.404797549,3.258749138,10.03948764
234,Johnny Berglund - Angry Nu Metal Trailer No3 [Extra],HD,5.668736614,3.251883082,11.43778842
216,Mizuki Nana - STARTING NOW! [Nowa's Hyper],NM,3.901687409,3.24123097,11.02541834
867,ViViD - HIKARI (TV Size) [browiec's Insane],NM,4.495674136,3.220636232,7.773008264
557,Syoko Hoshi (CV: Satsumi Matsuda) - Zettai Tokken Shuchou Shimasu! Hoshi Syoko Solo Remix [Yuria's Insane],HD,4.019959841,3.214154163,10.33210631
175,Grant Kirkhope - King Sandybutt's Tomb [I    N    S    A    N    E],NF,4.402617735,3.213787322,14.51462234
887,Oskar Schuster - Fjarlaegur (Cypix Remix) [Insane],NM,4.379244515,3.207937289,7.371199445
993,Tanaka Hirokazu - C-TYPE [A-TYPE],NM,3.049572959,3.184967333,16.51841466
619,Lia - Bravely You (TV Size) [KIRANAGAMATU's Insane],DT,3.906076384,3.178806825,7.533676268
561,MIMI - Shijima ni Saku (Cut Ver.) [Insane],HDDT,4.446150575,3.174063073,6.428353511
41,Hyadain - Hyadain's Jojo Yujo (TV Size) [Karaage's Insane!],NM,3.978816386,3.172510643,10.52041677
676,kis-kis - ne uchi (Cut Ver.) [Insane],NM,4.365271552,3.147012083,7.499569629
649,Delta Heavy & MUZZ - Higher Ground (feat. Cammie Robinson) (Cut Ver.) [Reaching Out],NM,4.540894128,3.128489033,11.26808085
364,Mrs. GREEN APPLE - Inferno (TV Size) [Fire Force],HD,4.713284816,3.122818888,13.87046561
679,Tomatsu Haruka - courage (TV Size) [NiNo's Insane],NM,4.297535369,3.114157048,8.524686255
564,Krewella - Live for the Night (Nightstep Mix) [-Yuzuriha's Insane],HD,4.070018464,3.10642252,30.45724272
697,The Koxx - A FOOL MOON NIGHT (SHORT VER.) [Insane],HD,4.140175009,3.071144986,15.06183309
950,Reol - No title [Lust's Insane],HDHR,5.218466469,3.0690935,9.599177493
612,HO-KAGO TEA TIME - Kira Kira Days [pkhg's Insane!!],NM,3.936885348,3.065092945,9.86017427
58,MIMI - Ai no Sukima (Arrange Ver.) [Sabishii],NM,4.237256985,3.054487249,8.03311749
322,Tsuji Ayano - Kaze ni Naru [Insane],HDDT,3.564236217,3.048441781,15.11128928
31,cinnamons x evening cinema - summertime [plaudible's hard],DT,3.085419153,3.024302547,18.20750754
807,MYTH & ROID - HYDRA [AKITOSHI'S HARD],HDDT,3.506192124,3.02312727,10.01639024
311,Icon For Hire - Make a Move (Speed Up Ver.) [Lami's Extra],HDHR,5.870890551,3.017379194,5.630636121
963,mimimemeMIMI - Harebare Fanfare [Hazu's Insane],NM,4.427604693,2.999760025,7.616375952
413,MIMI feat. Hatsune Miku - Mizuoto to Curtain [Extra],HD,5.428488225,2.982261663,7.814607431
480,MIMI feat. Hatsune Miku - Ai no Sukima [Insane],NM,4.515536577,2.958328888,8.692944889
471,Yasuda Rei - Passcode 4854 -TV edit- [Insane],HDDT,3.531706423,2.955756156,8.300170618
384,Mrs. GREEN APPLE - Inferno (TV Size) [Hard],NM,3.151080907,2.935367719,10.1970149
18,Soushi Sakiyama - Uso Janai [Normal],HDDTHR,2.159150798,2.915449927,20.55353489
745,Brad Breeck - S2 Trailer Theme [Beware],DT,4.179448292,2.896584671,14.6436282
9,m1v - you [insane],NM,4.299809195,2.817217933,7.310428959
846,Nanahira - Chikatto Chika Chika [Normal],NM,2.011667386,2.811026007,7.959165114
455,Aimiya Zero - -ERROR [Hyper],HRNF,4.04258228,2.805498769,23.9038625
738,Uchikubi Gokumon Doukoukai - Futon no Naka kara Detaku Nai [Advanced],HDHR,2.313562846,2.797099983,15.11738649
791,Shikiura. - Garandou no Nou ni Ai o Choudai [Expert],HR,4.962551275,2.792790504,21.41516214
996,Will Stetson - Harumachi Clover (Swing Arrangement) [Fiery's Extreme],NM,5.813916109,2.782198244,3.803915991
834,"Seth Everman - how to create the weeknd's ""blinding lights"" [mario and bowser kissing (illegal)]",HDDT,4.833484979,2.780768996,3.719099462
912,LMYK - 0 (zero) (TV Size) [Hard],NM,3.049505945,2.755143515,12.19736814
824,Various Artist - Long Stream Practice Maps [Ai no Niwa BPM120],NF,3.294525119,2.744140888,68.31963377
331,MIMI feat. Hatsune Miku - Ai no Sukima [Radiance],HDHR,5.794779357,2.733594203,8.843195521
157,UNDEAD CORPORATION - Everything will freeze [Hard],HR,2.592789554,2.73199187,16.12131825
207,Maeda Tatsuyuki - Flying Battery Zone Act 2 [Insane],DT,4.035331815,2.711073827,26.16790981
208,Suzuki Aina - Hikariiro no Uta (TV Size) [Kirishima-'s Insane],HDDT,4.750177094,2.707008385,19.04944947
759,SMiLE.dk - BUTTERFLY (UPSWING MIX) [INSANE],DT,4.172768427,2.696298432,35.91423545
775,Hayley Williams - Airplanes (Feint Drum and Bass Remix) [Nostalgia],DT,4.376018399,2.690244914,4.226786523
341,Powerwolf - Army Of The Night [Priest's Insane],HDDT,4.880490805,2.685851899,25.72859342
755,"Gabry Ponte, LUM!X, Prezioso - Thunder (Nightcore Mix) [Easy]",HDHR,1.723738667,2.683396695,13.62469417
997,Marshmello x Jonas Brothers - Leave Before You Love Me [Hard],DTHR,2.534973203,2.662562823,16.488516
770,Post Malone - Circles [Insane],HDDTHR,3.769851322,2.651398374,14.96056338
798,9mm Parabellum Bullet - Inferno [Agonizing Insane],DTNF,4.662439042,2.647872147,25.25750533
869,Okazaki Taiiku - Kimi no Bouken (TV Size) [Reform's Extra],HDHR,5.386981816,2.641627011,8.634575873
21,sumika - Fiction (TV Size) [Normal],NM,1.802802197,2.634423237,8.982256924
88,Knife Party & Tom Morello - Battle Sirens (RIOT Remix) [Djulus' Hyper],NM,3.542634957,2.623458402,12.00982049
970,Inori Minase - Aimaimoko [Confession],HDDT,4.279177941,2.616649535,11.1016726
289,Rita - Panorama Blue [Hard],HDDT,3.112977323,2.61286879,8.641222377
818,TheLaxOne - Skrillex Circulation [Hard],DT,2.940299817,2.590862028,8.047876974
518,LiSA - Akeboshi (TV Size) [Normal],NM,2.240318775,2.588412108,8.90451595
263,IOSYS - Endless Tewi-ma Park [Tewi 2B],NM,2.697355317,2.577612098,18.34204168
792,ClariS - Hitorigoto -TV MIX- [Little's Hard],HDDT,3.300291936,2.556185581,9.225035627
385,Feint - Tower Of Heaven (You Are Slaves) [Hyper],HDDT,3.759085963,2.556158182,29.18945221
565,Various Artist - Jump Training #1 [Run - Lvl 1],NM,3.845721853,2.527500008,7.438938156
742,Jamie Christopherson - It Has To Be This Way (Platinum Mix) [NORMAL],HR,2.463856194,2.516233144,10.09117413
183,Turbo - PADORU / PADORU [Nevo's Expert],NM,5.326839298,2.508968235,4.734004577
233,XXXTENTACION - Hope [Hard],NM,2.637187385,2.487345757,9.901818095
489,Dean Fujitoka - History Maker (TV Size) [ReFaller's Hard],DTNF,3.270093129,2.466067055,8.797276972
905,Ryu* feat.Mayumi Morinaga - Din Don Dan [ClariS' Insane],HDDT,3.860528853,2.456574357,25.94668781
892,Savage Garden - I Want You [Tough],DTHR,2.899636603,2.431178852,1.667066342
935,Turbo - PADORU / PADORU [Christmas Drift],HD,5.722295253,2.430017755,5.058847495
166,Linked Horizon - Guren no Yumiya (TV Size) [Insane],NM,4.083471159,2.430005111,14.11386621
672,Sayuri - Sore wa Chiisana Hikari no Youna (TV Size) [Insane],DT,3.751979013,2.421020816,6.157346135
862,Hoshimachi Suisei - TALALALALALALALALALALALAAAAA LALAAAAAAAAAAAAA [Honig's Insane],NM,5.138414874,2.418633228,3.13645435
434,"RAMM ni Haiyoru Kuuko-san to Kuune-san - Sister, Friend, Lover (TV Size) [Hard]",HDDT,3.55850756,2.38996988,9.298368227
462,Syoko Hoshi (CV: Satsumi Matsuda) - Zettai Tokken Shuchou Shimasu! Hoshi Syoko Solo Remix [Insane],HD,4.61250743,2.368835526,7.596948133
888,Ray - a-gain [Insane],HDDT,3.582085186,2.324467957,8.642374465
825,SoundTeMP - Title [Connecting],HDHR,4.766868432,2.308556492,13.85858611
48,Trial & Error - Taiatari*Romance feat. Ayuru Ouhashi (Short Ver.) [Insane],NM,4.292223371,2.266723145,8.08567839
548,UNDEAD CORPORATION - Frozen [Collab Advanced],DTHR,2.856103905,2.256794849,13.2226316
932,Tia - Heart Realize (TV Size) [Insane],NM,4.35104134,2.252288018,8.238237774
628,Nakanoke no Itsutsugo - Gotoubun no Kiseki (Movie Size) [Insane],HDDT,3.455655415,2.24703047,9.560578721
919,YOASOBI - Love Letter [Hard],HDHR,3.556766033,2.240712025,20.06031323
731,LiSA - No More Time Machine -TV ver.- [Kanto's Insane],HDDT,3.44636506,2.199924508,12.66614567
553,YOASOBI - Yoru ni Kakeru (Ryox Remix) [The Falling iPhone],HDHR,4.71431777,2.179900169,3.808276781
93,YOASOBI - Shukufuku (TV Size) [Insane],HDDT,4.322954217,2.178393681,17.32521889
710,Iguchi Yuka - Platinum Disco (TV Size) [Gu's Hard],DT,2.81807805,2.161589006,9.190333841
973,MASAKI (ZUNTATA) - Touhou Kijinretsu [Hero's Normal],HDHR,2.520118846,2.149981782,11.21224761
529,"Daft Punk - Harder, Better, Faster, Stronger (Far Out Remix) [4* Jump Training]",HDHR,4.035611237,2.140783676,13.69538066
984,Okazaki Taiiku - Kimi no Bouken (TV Size) [Shiinoha's Insane],DT,4.778414013,2.136151722,9.985490069
361,Amatsuki - DORAEMON [A r Mevo's Insane],HDDT,4.437388914,2.127015736,12.6291112
613,SayMaxWell - Build Our Machine [Remix] feat. Triforcefilms [Battle's Normal],DTHR,1.979735405,2.12647511,18.99117489
77,Kugimiya Rie. Horie Yui. Kitamura Eri - Orange [Taeyang's Insane],HDDT,4.189641344,2.117276071,16.86009806
733,Mariya Nishiuchi - Don't let me down [Hard],DT,3.033390121,2.116399684,7.701549162
598,Alexandra Stan feat. Connect-R - Vanilla Chocolat (Sped Up Ver.) [Alphabet's Insane],NM,3.819926796,2.102188716,8.61343429
184,RADWIMPS - Katawaredoki [Twilight],DT,3.326123511,2.098812735,18.98893522
429,NateWantsToBattle - IN MY WORLD [Insane],HDHR,4.160210391,2.087799921,10.59770524
163,Nakajima Megumi - Hello! (TV Size) [Madoka],HDDT,3.259633321,2.043880417,7.71120731
885,REDALiCE - Pekorap Tropical House Remix [Hard],HDHR,3.634789351,2.035598802,7.958072235
608,Dendei - gabe power [Bara's Hyper],DT,3.800899384,2.027262673,11.83886033
530,Fujirokyu (Kari) - CRY MAX Do-Heijitsu Hajime no SEASON [Insane],NM,4.858723581,2.011113232,2.943183366
3,Masatoshi Ono - departure! (TV Size) [Insane],HD,3.917636277,2.001694581,12.20929359
983,chano & 40mP - Natsukoi Hanabi [N a s y a's Insane],HDDT,4.519058544,1.986212204,10.94166122
260,"Yamaguchi Rikako, Asakura Momo, Taneda Risa, Suwa Ayaka, Natsukawa Shiina - UNION!! [Pino's 4MIX]",HDHR,3.350562249,1.958714264,15.39919638
162,Herve Lavandier - Shuriken School (TV Size) [Insane],DTHR,4.41696044,1.950694746,6.002958345
876,Roses Epicurean - Yoru no Kodomo tachi [Shiro's Hollow],DT,3.775689041,1.948593412,10.25030158
789,suzumu - Tokyo Teddy Bear [Lunala's Normal],HDDTHR,2.407973723,1.946982294,7.598201518
301,Nakanoke no Itsutsugo - Gotoubun no Kiseki (Movie Size) [Insane],HD,3.455655415,1.942569387,10.76836659
777,Adit Sparky - Kalo Ngana Rindu Coba Dengar Ni Lagu [Kalo Susah],NM,2.910546785,1.915773154,15.94538376
663,Roses Epicurean - Yoru no Kodomo tachi [Shiro's Hollow],HDDT,3.775689041,1.821767058,9.626364816
678,Roses Epicurean - Yoru no Kodomo-tachi [Mortem's Nocturnal],DT,3.715819958,1.820035406,6.875309312
240,Drop - Granat [Extra],HDHR,5.067318068,1.774843322,8.344791065
439,DJ Mbon Mbon - Dj Salting (Cut Ver.) [Dj Hard],HDDT,3.193371919,1.760461178,17.17818812
863,Hoshino Gen - DORAEMON [Hopzki's Normal],HDDTHR,2.245856641,1.753828668,8.109212334
513,Will Stetson - Despacito ft. R3 Music Box [Shunao's Hard],NM,3.358890127,1.728437703,6.129112268
850,Rameses B - Neon Rainbow (ft. Anna Yvette) [CBH's Hard],HDDTHR,3.456167191,1.675883617,7.286038671
637,DM DOKURO - SAVE (Encore) [browiec & Kuki's Insane],HDDT,4.246731299,1.669207384,7.663565449
757,Hanasaka Yui(CV: M.A.O) - Harumachi Clover [Halation],NM,3.890219314,1.645890183,6.854358349
524,ClariS - Masquerade (TV Size) [Gabizon & Nodoro's Hard],DT,3.000194132,1.619225797,8.055649451
304,Pet na Kanojotachi - Kimi ga Yume wo Tsuretekita (TV Size) [Insane],HDDT,3.153470155,1.579594801,11.91515577
394,xi - Last Resort [BASIC],HDHR,2.366420867,1.483863983,4.248303429
201,Haruna Luna - Sora wa Takaku Kaze wa Utau (TV Size) [Easy],HDDTHR,1.265980026,1.452292808,5.323578308
206,toby fox - Quiet Water [TheOnlyLeon's Flowing],DT,1.725343457,1.366296324,1.944088445
450,Hoshino Gen - Koi [Frontier's Normal],HDDTHR,2.120495348,1.343031887,8.225546207
179,Unknown Artist - Miniministop Hitoyasumi no Uta[Mokuyoubi]Gakusei no Uta [Chromstrata's Extra],HDDT,3.786219784,1.334301818,3.947719881
61,Yu-Peng Chen @HOYO-MiX - Reconnaissance Captain [Dance of Sacrifice],NM,4.00543249,1.285030704,2.015219815
540,Drop - Granat [Insane],NM,3.998421192,1.261607921,4.541763799
795,Nico Nico Douga - Dr. KBC [Hyper],HR,3.362680392,1.250264843,6.545911854
295,Elmo and Cookie Monster - Cookie-Butter-Choco-Cookie [Linada's Insane],DT,3.844651976,1.249588806,7.240865475
695,Turbo - PADORU / PADORU [SMOKELIND's Insane],NM,4.366985195,1.22946361,3.144508356
414,AKINO from bless4 & CHiCO with HoneyWorks - MIIRO vs. Ai no Scenario [Walao's Advanced],HDDTHR,2.635785187,1.177959504,3.649477038
259,Roselia - Six Trillion Years and Overnight Story [Normal],HDDTHR,2.354580581,1.125335238,7.034141604
205,petit milady - azurite (TV Size) [easy],HDDTHR,1.676585845,1.027038878,4.990861861
372,"KOCHO - Hanyamaru Manten, Zenitendou. (TV Size) [Normal]",DT,2.296231493,0.961550654,2.326122786
526,AcesToAces - stay with me [Normal],DTHR,2.007641789,0.810858539,3.253100401
438,la planta - LA PLANTA [100pp Planta],NM,4.46306259,0.744369261,0.188379527
117,Shiro Sagisu - Next Episode [Hard],HDDT,2.973054958,0.627047291,2.714043185
176,R3 Music Box - Zankoku na Tenshi no These [Intermediate],HDDTHR,2.179747417,0.608554341,2.710005215
30,Gom (HoneyWorks) - Zen Zen Zense [Normal],HR,2.183930624,0.539066928,1.621710115
921,Toby Fox - Dialtone [[[Insane]]],HDDTHR,2.818873378,0.495321605,7.778991044
754,Crystal Castles - Affection (Mr.Kitty vs Invisibles Remix) [Normal],HDDTHR,1.549094932,0.3496967,1.224726785
