beatmap_name,mods,stars_live,neg_loglik_SS
e-ZUKA - Assailant in the Night [a],NM,8.256208793008822,72.44524597064277
Various Artist - Oriental's Long Stream Practice & Training Maps 4 [BPM245 Invisible Frenzy],NM,6.309763467215857,70.0856821637419
REDALiCE - Great nano desu [Insane],NM,5.252775982693233,70.03554509047981
Various Artist - Long Stream Practice Maps [Ai no Niwa BPM120],NF,3.2945251189356783,69.39145269408513
Various Artist - Oriental's Long Stream Practice & Training Maps [BPM176 Hana Kagerou],NM,4.568090210804634,69.38480810455553
Nekrogoblikon - The Skin Thief [Murder],NM,7.071174752286067,69.30557893099959
GYZE - HONESTY [DISHONEST],NM,7.114507345131963,63.22377782921162
Nanahoshi Kangengakudan - Rubik's Cube [Chaos's Expert],NM,5.464273408129917,62.39161533457105
isoganakya - isogu (Stream Practice Maps) [300BPM],NM,7.451978653809009,59.70282625027493
technoplanet - Juvenile [Ataraxis],NM,7.577033102819186,58.66452460535556
Ne Obliviscaris - Libera [Lachesismic Armageddon],NM,8.139245487437817,58.54058840140057
Ne Obliviscaris - Painters GAMMA [240 BPM],HD,6.571924214583142,57.47878269203748
"Nanahoshi Kangengakudan - Rubik's Cube [43,252,003,274,489,856,000]",NM,8.052040035448307,57.050536043441156
Mage - The Words I Never Said [Affliction],NM,5.5075121829157565,56.54672611499862
Release Hallucination - Chronostasis [A Brilliant Petal Frozen in an Everlasting Moment],NM,8.82400136429675,56.0099484995398
Multiple Artists - thing [lol 235],HD,6.8005630136171416,55.844071822028305
K A Z M A S A - Bon Appetit S (Oldskool HappyHardcore Remix) (Short Ver.) [blend s (220 bpm)],NM,7.274582525653357,55.742775833416886
xi - FREEDOM DiVE [FOUR DIMENSIONS BPM180],NM,5.808355894956282,55.46921143528198
a_hisa - Logical Stimulus [owo],NF,8.125618321368776,55.287676703369236
Unknown Artist - LEGIA TO CHUJE [Ultimate 2021: Speed],NM,6.695980383220719,55.02223792351073
odaxelagnia - nicololi [for weak CS3 HP2],NM,9.14676840788312,54.67658223314652
Void - Just Hold on (To All Fighters) [Beginning],NM,6.105086622017596,53.86875930302246
-45 - Mind of the Corpse [mario kart wii is better than osu],NF,6.88209681353676,53.09574097151422
sakuzyo - Imprinting [Ayaya's Expert],NM,5.670057468041824,52.94096773325873
xi - Blue Zenith (Cut Ver.) [TWO DIMENSIONS],NM,6.998108114395235,52.74406082650808
Serenity - Lionheart [Extreme],NM,6.442489525638989,52.73120190755262
xi - FREEDOM DiVE [ENDLESS DiMENSiONS],NM,7.455631271432983,52.63710060033355
Serenity - Lionheart [Extreme],HD,6.442489525638989,52.25829034838103
qfeileadh - breathe [Extreme],NM,5.711503904923239,51.90205165519748
K A Z M A S A - Bon Appetit S (Oldskool HappyHardcore Remix) (Short Ver.) [blend s],NM,5.780178257858006,51.665425370677184
Mage - The Words I Never Said [Regret],NM,5.753690998545622,51.50077241054756
Mage - The Words I Never Said [Regret],NF,5.753690998545622,51.50077241054756
Silvia - Vertex Gamma [GAMMA],NM,7.887110117278187,51.47319682739129
Silvia - Vertex Gamma [GAMMA],NF,7.887110117278187,51.47319682739129
Chikamori Kayako - Kigurumi Sungeki [La~ La La ~~ La La La. La. La.],NM,7.796994437900775,50.99723152442234
beatMARIO - Night of Knights [SOLO],FL,4.826753071421301,50.744933921913315
Silvia - Vertex Delta [DELTA],NM,7.2169975458847695,50.38311173696202
xi - FREEDOM DiVE [Arles],NF,9.700611216692344,49.92315336664111
Fellowship - Glory Days [Relentless Heartache],NM,7.440694505672509,49.787820497168255
Jun.A - The Refrain of the Lovely Great War [SOLO],HDNF,5.365904850075618,49.753513643700735
Feint - Tower Of Heaven (You Are Slaves) [Extra],NM,5.087090001512409,49.334492169366655
07th Expansion - rog-unlimitation [AngelHoney],HD,6.11830789560834,48.549799338199335
II-L - SPUTNIK-3 [Beyond OWC],NM,6.187928557686603,48.47795818128277
Apocalyptica - Reign of Fear [VI],HD,6.237214053476766,48.31576865752438
9mm Parabellum Bullet - Inferno [Tortured Soul Extra],NM,6.66107865644096,48.00779250898847
xi remixed by cosMo@bousouP - FREEDOM DiVE [METAL DIMENSIONS] [Extra],NM,6.576439791591816,47.669834096440056
UNDEAD CORPORATION - Everything will freeze [Extra],NM,6.692138142219338,47.62959704614801
Yuyoyuppe - -ELIS- [Extreme],HD,6.423238509697946,47.550360060237075
Saint Snow - DROPOUT!? [Kowari's Extra],NM,5.802104861869131,46.62890524060059
xi - Ascension to Heaven [Extra],NM,5.638513605330002,46.39928752730397
va - jump pack [A FOOL MOON NIGHT],NF,10.084165271063858,45.976879482493125
Imperial Circus Dead Decadence - Danzai No Honoo To Koibito-Tachi No Rondo [Someday they will meet each other again],NM,7.038805852897091,45.91091139471281
"Wizet, Nexon - Various BGM [Glacier Adventure]",HD,4.509083646484382,45.87011591828258
Kondo Koji - Slider [64 DIMENSIONS],NM,6.984579506030912,45.85897600025834
PinocchioP - sukisukisukisukisukisukisukisukisukisuki [LESS THAN THREE DIMENSIONS],NF,8.196646220217653,45.58141115579304
LeaF - Calamity Fortune [Extra],HDFL,5.7905637534367695,45.36652944199664
"Imperial Circus Dead Decadence - Yomi yori Kikoyu, Koukoku no Tou to Honoo no Shoujo. [Kurushimi]",NM,8.22540175961293,44.87856769484036
HitoshizukuP x Yama - Crazy nighT [EnD],HDNF,8.553634842059086,44.81117740405102
HyuN - Tokyo's Starlight [Collab Insane],HD,4.745607045413487,44.63204898310519
xi - Garyou Tensei [Hello],NM,6.772852515074356,44.14784865290295
455-38B - G e n g a o z o - f o o n [Insane],HD,4.025744553882307,43.919454444333255
Tyrfing - Verflucht [Another],HD,5.856943221008012,43.64589260241799
Demetori - Nostalgic Blood of the East ~ Sic World [The Girl Who Reads Scrolls],NM,6.662419797731859,43.40640678840711
Various Artists - Julaaaan's Triangle Jump Training 2 [On My Own],NM,8.80758823266472,43.40426805528203
Hiro - Carol Mega Mix [Yokes' Hidden Presents],HD,5.58268246831757,42.82644020320585
xi - FREEDOM DiVE [Extra],NF,7.055493228559143,42.788950073326994
Camellia feat. Nanahira - Kizuitara Shunkashuutou [Seasons],HDNF,9.550961949601014,42.7712286214239
umu. - humanly [facade],NM,8.941362887698606,42.74295346791921
96neko - Buriki no Dance [Delusion],NM,5.96454527799637,42.69223264266576
NOA - Monsters [<>],NM,7.997461657983298,42.65188363152606
F-777 - Space Battle [cs 4 lo],NM,7.900571651065048,42.58109743698349
Ice Nine Kills - IT Is The End [Mimari's Extra],NM,5.738198926701482,42.546763147425466
Kissing the Mirror x UNDEAD CORPORATION - Frozen Gear [Hunter In The Mist],NM,7.608327431612309,42.4162804317212
Kyary Pamyu Pamyu - Furisodation (DJ HKT's bootleg MIX) [Drunk on Love],NM,5.6610775499647765,42.156821022282074
Foreground Eclipse - Song's Compilation [Destruction],HD,6.422663943879701,41.68890786898099
Memme - Plasma Gun [Extreme],NM,6.457730435923303,41.53994145959771
44teru-k - F.I [Extra445],NM,5.111725551332444,41.408764786790776
GALNERYUS - RAISE MY SWORD [Feruver's Expert],NF,6.08390902176162,40.85725938824483
Team Grimoire - Dantalion [Conflict],NM,6.026841936481556,40.82329127013573
Yousei Teikoku - last moment [extreme],NM,6.27036451837186,40.591860445071305
cosMo@BousouP feat. Hatsune Miku - Machinegun Poem Doll [Chaotic Burst of Maniac Rhythm],NM,6.293297811749589,40.29435555522748
tokiwa yuu - shounen ripples [Arles],NM,8.111010138085122,39.87664501494646
positive MAD-crew - Mynarco [Withdrawals],NM,6.017462027694994,39.8719956023549
gmtn. (witch's slave) - Illegal Paradise [Slavery],NM,7.120851916534559,39.805737314984654
Demetori - Seijouki no Pierrot ~ The MadPiero Laughs [Stage 5],NM,6.255748069198596,39.71364149752487
DJ OKAWARI - Flower Dance [Titania NC 9.8],HDNF,7.960868559005361,39.58760324691207
Ata - Euphoria [Ultimate Power],HD,8.459031951547505,39.55632901538857
Camellia - GHOST [SPEKTRE],NM,7.060888629579438,39.42367634313234
DJ OKAWARI - Flower Dance [Titania 9.7],NM,7.816623356323934,39.28331002249913
xi - FREEDOM DiVE [Extreme],NM,6.731949982339801,38.64410547985352
Halozy - Genryuu Kaiko [Higan Torrent],NM,6.7688928202004846,38.59426814390281
Feint - Tower Of Heaven (You Are Slaves) [Another],NM,4.3920758770037365,38.49374221348477
IOSYS - Cirno Chirumiru [Insane],NM,4.863408665414928,38.38910448620092
Busdriver - Imaginary Places [NeBu's Speed Demon],NF,6.920791208741801,38.265166403610095
Charlie Darker & Far Too Loud - Nail Gun (Short ver.) [CIDOR Diff EzRX],NM,7.908704833575089,38.26054230911063
katagiri - The Eve of the Breakcore Revolution [Extra],NF,6.735443720327536,38.194295892589885
Yuaru - Asu no Yozora Shoukaihan (Speed Up Ver.) [Together],NM,8.226456986495114,37.91640952323783
ZUN - Dark Side of Fate [Lunatic],NM,4.784486675442235,37.858938923454545
Carlito - Poco Loco [pinata why u explode],NM,8.38046863138218,37.83196170372794
Rings of Saturn - Senseless Massacre [Fenza's Genocide],NM,6.911083756179057,37.70765715283609
DECO*27 - First Storm feat. Hatsune Miku [my Drops of Tears I'll turn to Sparks of Fire],NM,6.656586255846911,37.631524571550656
positive MAD-crew - Mynarco [Extra],NM,5.5173878131160485,37.55176216865524
HyuN - Infinity Heaven [Ad Infinitum],NM,4.783571013058691,37.53193640828859
Nitta emi - Heart beat [Arles],NM,7.553343634511472,37.06832729633855
GYZE - HONESTY [HEART OF SORROW],NM,5.331063822637043,37.04589821020546
MYTH & ROID - Paradisus-Paradoxum [rem best girl],NM,7.388454296254197,37.024864165298865
Tatsh - Xevel [Extreme],NM,6.028566651349871,36.92535464794639
onoken - Viden [Extreme],HD,5.701253135312754,36.90513622261127
Mutsuhiko Izumi - Chinese Snowy Dance [Insane],NM,4.722981584904357,36.88188218762137
Xanthochroid - In Putris Stagnum [Neverending],NM,7.615721168663508,36.85394470393621
Imperial Circus Dead Decadence - Chinurareta Shuren ni Fukeru Houmura [Despair],NM,7.980034408605452,36.63123322835959
"Virtuanoise, Cosmo, Arcek & Zigurat - 4 Aliens At Work [CM vs. N vs. NB vs. T : Fourth day nonstop working in demand]",NM,7.885682284263105,36.595214348118546
II-L - VOSTOK-3 [Basic],NM,7.091104269249368,36.49317360828685
Thaehan - Doki-Doki [Extremerino],HD,5.830085535283429,36.32326383141939
xi - Blue Zenith (Cut Ver.) [A r M i N's Extreme],NM,6.06052716500621,36.30890844897117
Mrs. GREEN APPLE - Ao to Natsu (katagiri Bootleg) (Sped Up Ver.) [Summer],NM,9.217350507001605,36.18610671860551
nmk - sola [Extra],NM,5.696060151536302,35.822645402554365
SYU (from GALNERYUS) - REASON [Meaning of Life],NM,5.925470137394992,35.7146724973022
Imperial Circus Dead Decadence - Danzai No Honoo To Koibito-Tachi No Rondo [Piercing Pain],NM,5.440268915841186,35.70709951915176
Falcom Sound Team J.D.K. - baresuta intachi(Remix) [Extra AR10],NM,6.83688405926884,35.69014246305062
penoreri - Preserved Valkyria [Arles],NM,8.455072693948164,35.63440372435689
Yousei Teikoku - Hades: The rise [Hardest],NM,7.003346837815217,35.51762980627312
Yuyoyuppe - AiAe [Another],NM,4.705918788838024,35.500801281109126
THE ORAL CIGARETTES - ReI [Mir's Extra],NM,6.135169914466751,35.33334625356892
TUYU - Namikare [Withering Tears],NM,6.976028127384328,35.28445131945933
Linkin Park - Breaking The Habit [turbo kolab],NM,7.643965385720611,35.27682063548042
Angerfist - Knock Knock [I am the danger],NM,5.836235819770345,35.0679770491164
DimierLisb - Antiqua Doll [Psychoderia],NM,7.456298104621407,35.037732325555986
Eve - Gekka*Midare Botan [Meg&Roll_Pan's E-Xtra],NM,6.891694811670412,35.0370050186836
SMETANA Band - Ya Govnar' [Extreme],NM,7.288343682528585,34.90579097956594
OISHII - ONIGIRI FREEWAY [EXTREME RICE],NM,7.075432298525771,34.78794558562009
Renard - Dash Hopes 3 [300 BPM Madness!],NM,7.446936917891108,34.725268523392174
shikata akiko - Katayoku no tori [Arles],NF,8.560100840733394,34.72523622006024
Demetori - Hartmann no Youkai Shoujo ~ Todestrieb und Lebenstrieb [Extra Stage],NM,6.288398736873626,34.71481938475379
9mm Parabellum Bullet - Inferno [Tragic Death Extra],NM,6.14373789849969,34.6998268102574
Imperial Circus Dead Decadence - Shinbatsu o Tadori Kyoukotsu ni Itaru [Extreme],NM,6.4790831839613565,34.64572115970147
Yooh - snow storm -euphoria- [INFINITE],NM,5.3720659580351535,34.636394828660045
UROBOROS - Black Swallowtail (TV Size) [Flezlin's Extra],NM,6.290803137541907,34.61635479021714
LADYBABY - Nippon Manju [TheMefisto's Insane],HD,4.963502390873661,34.598540573658994
Sunless Rise - Awakening [Untruth],NM,7.132570969348935,34.580831558725706
Imagine Dragons - Warriors [1000lp challenger],HDNF,8.323390051890769,34.49635279642812
Aether Realm - The Fool [Shadow of the Light],NM,6.901760936538846,34.454857139305524
MYTH & ROID - Paradisus-Paradoxum [Curi's Extreme],NM,6.218864688689084,34.34407631467553
Tatsh - Xevel [Extra],NM,5.381875350044293,34.33683908889677
lapix - Carry Me Away (Extended Mix) [Bright Lights],NM,6.50573646851881,34.29718492206615
t+pazolite - CENSORED!! [XXX!!!],NM,7.420015133390476,34.2938286370315
Shimotsuki Haruka - Youka to Yumeutsutsu [Awaken AR10],NM,8.015816277415386,34.17290314939036
Foreground Eclipse - Song's Compilation [Flames Within These Black Feathers],NF,6.7562334988081725,34.17009021452097
Tatsh - Xevel [Extra],HD,5.381875350044293,34.11990185810505
DECO*27 - Ghost Rule [No One But CRN !!],NM,8.010053647024229,34.07544609067432
Kishida Kyoudan & The Akeboshi Rockets - HIGHSCHOOL OF THE DEAD (Speed Up Ver.) [Eternity],NM,8.13605416124452,34.012341276056254
"Hoshimachi Suisei - GHOST [I will keep Singing in the Dark, just for ''You''.]",NM,6.527789328469551,33.99278511202523
Emiru no Aishita Tsukiyo ni Dai San Gensou Kyoku wo - ito [Petal],NM,6.772517000714799,33.938959556699686
DJ TOTTO feat. *spiLa* - illumina [expert*],NM,5.2719494823134605,33.839215649197854
Kabocha - EmbryO [Heilia's Ultra],NM,7.509545590336513,33.697645421399315
Sota Fujimori - polygon [Incrementally Hi-Speed Extreme],NM,6.716143249232461,33.646019898383436
Fractal Dreamers - Gardens Under A Spring Sky [Hyper],HD,4.67013488967702,33.55148968771684
Various Artists - 220bpm pack [Mynarco Addiction],NM,7.050281463418518,33.51282813962231
THE ORAL CIGARETTES - ReI [Rain],NM,6.399174135950932,33.36399224992938
Yousei Teikoku - still alive [yami],NM,5.168502010387958,33.16891791805002
Hoshimachi Suisei - Ranbu no Melody (Cut Ver.) [Mugetsu],NM,6.209543837634791,33.104280864333546
Hanatan - Airman ga Taosenai (SOUND HOLIC Ver.) [Insane],HD,4.893240825790535,33.069683204480455
Mimomo & Kotomugi - Invisible [HLW's Runpappa],NM,5.612910579034445,33.050858853560385
Jakarta Funk Brothers - INSOMNIA [hehe's C11H15NO2],NM,5.870751474167824,32.93953264993726
DJ Okawari - Flower Dance (Short Ver.) [Dance],NM,6.01327390016996,32.90143344500719
Mia REGINA - My Sweet Maiden [Lust],NM,6.261554292516049,32.8451045802
Camellia - Break The Silence [murmur.],NM,7.007698325121948,32.781348099504434
Wagakki Band - Tengaku [Uncompressed Fury of a Raging Japanese God],NM,7.812080742335351,32.528759358072065
Feint - Tower Of Heaven (You Are Slaves) [Heaven],HD,5.545273796431182,32.4787489223
Kanpyohgo - Unmei no Dark Side -Rolling Gothic mix [FreeSongs' Rolling Hell],NM,6.56455982111187,32.330063972721696
Hitomi Harada - Overdrive [Extra],NM,5.700060609375677,32.17077189469599
Heatbeat - Mortal Kombat [Mortal],NM,5.414827641206424,32.02910815528634
ONE OK ROCK - Take me to the top [Sotarks' Ascension],NM,6.696545677833401,32.01711931079058
Power Of Nature - Shounen wa Sora o Tadoru [Special],NM,5.479451732858583,32.005981443416815
Camellia - Diastrophism [Real's Extreme],NM,6.045091349321094,31.93147428696671
Mizuki Nana - STARTING NOW! (TV Size) [2D Supremacy],HD,5.607640485157931,31.893032936250467
dj TAKA - quaver [NiNo's Extra],HDNF,6.177969879748346,31.861166688817622
96neko - Uso no Hibana [Monstraia's Extra],FL,6.3090472663284025,31.807681575561432
Getty vs. DJ DiA - Grayed Out -Antifront- [Loli's Ultra],NM,6.173638326876175,31.788767118944772
Dancing Cats - Go Kitty Go! [lets go],NM,7.344162176629014,31.718929804860565
Tech N9ne - Worldwide Choppers [Gangsta],NF,6.349763454249766,31.63465254717316
Aimiya Zero - -ERROR [Drowning],HD,7.404080235164623,31.542873764822247
paraoka - REAL210 [Arles],NM,6.447282337343228,31.540777554248198
Helblinde - Imagine Breaker [woof],HD,7.501561424894503,31.46217537100394
Draw the Emotional - Sad spring [Akitoshi's Expert],NM,5.524854899585298,31.352916403101887
Usada Pekora - Discommunication Alien [uwaaa],HDNF,4.755963460403161,31.350112018195908
yuikonnu - Yume Chizu [Another],NM,5.120760448365822,31.331528131758482
Mob Psycho 100 (MOB CHOIR) - 99 [100%],NM,6.493769920957494,31.247999285389913
Brandy - Cross Time !! [captin's Extra],NM,4.964925869771969,31.175002982512808
Various Artists - Jump Training Collection #3 [Final Level!! - Yuudachi no Ribbon],NM,7.998304907793063,31.152737363536
LeaF - Kyouki Ranbu [Extreme],HD,6.000805433598911,31.00988513291628
Hyadain - Chocobo [Gold],NM,4.729072448283571,30.968013941294736
kakichoco - Zan'ei [Illusion],NM,5.578497392458393,30.883435978805416
ryu5150 - Louder than steel [Onlybiscuit's Extra],NM,5.6546793108430045,30.805062396838345
DJKurara - Goodbye [SEVEN COLORS],NM,6.12564774956258,30.767586276470183
toby fox - Finale [Determination],HD,5.799902745097056,30.74327272781365
Gekidan Record feat. Nekomata Master - Houkou Orpheus [Expert],NM,4.946174058936331,30.72672059319398
OwataP - Turkish March - Owata \(^o^)/ [<Normal Mode>],NM,5.861852271516427,30.62430284688184
"Demetori - Yuuga ni Sakase, Sumizome no Sakura ~ The Harm of Coming into Existence [Stage 6]",HD,7.208390718950725,30.59677567381187
Seiryu - BLUE DRAGON [Kyshiro's Extra],NM,5.83704484707237,30.56174876406642
THE ORAL CIGARETTES - Flower [Vagueness],NM,6.596428826217857,30.52581740182464
96neko - Uso no Hibana [NiNo's Extra],NM,6.103744691015577,30.518317779244413
Yousei Teikoku - Autoscopy [Extreme],NM,6.313676295011657,30.478982688833018
Lana Del Rey - Dark Paradise [A Bitter Melody],NM,4.476755994896283,30.44961723318245
"ShinRa-Bansho - Pink Kurage to, Sotto, Kiss o Shita. [I gently kissed the pink jellyfish.]",HD,6.908677308508219,30.35994889141088
goreshit - there are no angels here. [archangeloi.],NM,5.320569744868696,30.32678364809172
TOOL - The Pot [High],NM,7.428424047257289,30.275571070746008
Natsuiro Bikini no Prim - Nagisa no Koakuma Lovely~Radio [fanzhen's Expert],NM,5.32150490117867,30.170331014287218
Aqua - Barbie girl [Ultimate Cancer],NM,9.230689521443164,30.163462479278227
Gary-lee Calvert - MC MENTAL @ HIS BEST [MC],NM,6.32881541757774,30.12455051542856
Popek - Rhythmic Collapse [Rhytmusstorung],NM,7.460353471999598,30.100438881457116
Sarah Connor - Cold As Ice (PH Electro Remix) (Nightcore Mix) [Rikka's dunno],FL,5.92931106535353,29.98423940638749
THE ORAL CIGARETTES - Sesshoku [Apocalypse],HD,6.656151414700202,29.895068235068155
SOUND HOLIC - Airman ga Taosenai (SOUND HOLIC Ver.) [Airman],NM,6.057371566526975,29.89238994553916
ShinRa-Bansho - Itazura Sensation [The Dead Princess was her?],NM,6.558103078878405,29.853946818112767
Hanazono Tae (CV: Otsuka Sae) - Hanazono Denki Guitar!!! [Expert],NM,5.808798933847839,29.786819230896523
Yooh - LegenD. [GRAVITY],NM,6.106248069894873,29.74527720576078
VINXIS - Sidetracked Day [Daydream],NM,5.400899560324568,29.716779054624283
Noisia - Shellshock feat. Foreign Beggars [deetz's Insane],NM,4.773650550033951,29.6550640940194
Ray - km/h (TV Size) [Kyuukai's Extreme],NM,6.197962716623858,29.528555954590686
Riryka - Glass no Loneliness [Clear],HD,3.617727319507588,29.464528111403958
Kano - Stella-rium [Extra],NM,5.645668020380232,29.394916098674475
OxT - UNION (TV Size) [SSSS],NM,5.655973052398253,29.300317139537682
Chroma - I [Mamiko's HEAVENLY],NM,6.3594095024022055,29.298449687060742
Fanatic - Seishoujo Syndrome [mega kolab],NM,9.24920340472265,29.27596527921741
FLOOR BABA - WIGGLE CORE [TAP],NM,6.613191614736332,29.272945663662032
Touno Sakura - PRIZM/CIRCUiT [Lovely],NM,4.657795167275969,29.272560560994858
The Winking Owl - Bloom [Blossom],NM,6.17247222499859,29.16564243639952
Watashi (CV: Yuuki Aoi) - Ganbare! Kumoko-san no Thema (TV Size) [Ultra: Arachne],NM,7.7339259074019315,29.16191935176358
Yorushika - Deep Indigo [That's Why I Gave up on Mapping],HD,7.168995355888112,29.13215604381956
THE ORAL CIGARETTES - 5150 [Expert],NM,6.150009400137141,29.068779247123157
Memme - Xiao Long Bao [Another],NM,4.409428386549549,28.84302503158543
Ryu* - I'm so Happy [Extreme],NM,4.960661358653578,28.759533340382337
KNOCK OUT MONKEY - BRAVE OUT (TV Size) [THE TRUTH],NM,6.328118931452785,28.694009925827515
Yooh - snow storm -euphoria- [EXHAUST],NM,4.796489524198316,28.642035342692996
Sellouts - Spotify Ads [AWESOME SCREEN AWESOME CAMERA LONG LASTING BATTERY LIFE],NM,8.59713157132467,28.63552940415976
Trivium - Down From The Sky [Heavensfall],HD,5.082228349730671,28.443243336457783
yuikonnu - Heart no Atoaji [Insane],NM,5.095447859869473,28.42632223509748
Maneki Kecak - Atashi no Nokori Zenbu Ageru [Daydream],HD,6.552538753399044,28.398958001736126
Utsu-P feat. Kagamine Rin - Tokyo Teddy Bear [Harupion's Extra],NM,6.113620654543114,28.36253444979678
Hige Driver join. SELEN - Dadadadadadadadadada [SPECIAL],NF,6.340910856515404,28.34868422327908
TEARS OF TRAGEDY - Spring Memory [Satellite & ponbot's Bittersweet Memories],HD,5.331742975045103,28.26062046160695
Within Temptation - The Unforgiving [Stairway to the Skies],FL,3.0198007939020157,28.216811301525365
Niji No Conquistador - zutto summer de koishiteru [Summer is only beginning],NM,8.56750690199912,28.199432112514593
Madsonik & Kill the Noise Ft. Tom Morello - Divebomb [DIVE BOMB],HDNF,7.979863835618032,28.185189429086172
"nano - Star light, Star bright (TV Size) [Destiny]",NM,6.310230286081247,28.134035419989416
Bentham - Chicago [Re: Wonder],NM,6.035929130394807,28.100758103686474
ALiCE'S EMOTiON - Dark Flight Dreamer [Shawajoy's Lunatic],NM,5.288097234210721,28.063295769141902
yanaginagi x THE SIXTH LIE - LEVEL (TV Size) [Expert],NM,4.916578728410146,28.028259451550724
DJ Totoriott - Chloe [yf's Extra],NM,5.942771037125552,28.015723921824208
UNDEAD CORPORATION - Yoru Naku Usagi wa Yume o Miru [Madness],NM,6.925652321080635,27.977276472432763
THE ORAL CIGARETTES - Miss Tail [Blackito's Expert],NM,4.963619912923408,27.96551956261769
Imperial Circus Dead Decadence - Uta [Collab],NM,5.093824903114868,27.926986478048683
MISSING HEART - MOONLIGHT SHADOW (New Vocal Version) [Heavy],HT,4.432036266217265,27.909882172577994
Akatsuki Records - KARMANATIONS [Reincarnation],NM,6.08917689331073,27.904943381798265
Araki - Chiisana Koi no Uta (Synth Rock Cover) [Together],NF,8.162949190880429,27.903468536550314
Wakeshima Kanon - Tsukinami [Nostalgia],NM,6.14668942876174,27.83747659224491
THE ORAL CIGARETTES - GET BACK [Somewhere],NM,6.055971524853004,27.816222234120417
EVO+ - [A]ddiction [117's Insane],NM,4.153993926216471,27.811494033339677
Project Grimoire - Caliburne ~Story of the Legendary sword~ [Extra],HD,5.812359430586006,27.787069543565195
Reol - Asymmetry [P A N's Extra],NM,5.488201046300329,27.720335123361693
UNISON SQUARE GARDEN - Phantom Joke (TV Size) [A r M i N's First Order],NM,6.349626880142682,27.7138547320581
Hoshimachi Suisei - GHOST [Meg's Extra],NM,5.6222626352127225,27.689666770099947
Imperial Circus Dead Decadence - Shinbatsu o Tadori Kyoukotsu ni Itaru [Mun's Expert],NM,6.3056554280444574,27.66223008925909
Our Stolen Theory - United (L.A.O.S Remix) [Eternity],NM,5.936445305891063,27.57076567054083
Kobaryo - Cartoon Candy [Girl's Mocha Cappucino Deluxe],NM,7.39046090766434,27.55271118280433
Geri Halliwell - It's Raining Men [HP's Slip 'n Slide Mishap],NM,4.187495281240802,27.533940364568174
Krewella - Live for the Night (Nightstep Mix) [-Yuzuriha's Insane],HD,4.070018463513164,27.482617658385664
S3RL - Pika Girl [Insane],NM,4.572619789643944,27.473920633218704
Hikaru Station - My R [Letting Go],NM,6.519589397306898,27.437953517896954
Nhato - Gekka [zerooooo],HDNF,6.8260477894540585,27.409918878399804
"MY FIRST STORY feat. chelly (EGOIST) - 1,000,000 TIMES [AGAIN AND AGAIN]",NM,6.194000608904196,27.36505047412126
DragonForce - Ashes of the Dawn [Insane],NM,4.740297909416454,27.331271630149153
THE ORAL CIGARETTES - ReI [Suou's Insane ft. torriru],HD,4.641608643857884,27.23221507777076
ShinRa-Bansho - Kakumei no bullet [UberFazz's Lunatic],NM,5.0152955284073,27.222445573160716
Uesaka Sumire - EASY LOVE (TV Size) [TEASING MASTER],NM,6.0813456011122,27.201785469532958
Azusa Tadokoro - Koroaruki [Extra],NM,6.1912790373750015,27.20119764736684
CloZee - Koto [CChu's Intense],HD,5.098392139314639,27.170834865619
Tsukumo Sana - Astrogirl [BEEEG Galaxy],NM,4.8836751474308855,27.165396039139885
Ling Yuan yousa - Kami no Manimani [dance! dance!],NM,5.906146614466805,27.055841837811453
Kozato snow - Rengetsu Ouka [hana],NM,6.198485924962958,27.021410522859
HoneyWorks feat. sana - Ijiwaru na Deai [wkyik meets love],NM,5.135514830690645,26.968133584553136
xi - Halcyon -Long Version- [Demigod],NM,5.314979143191264,26.861593631751383
Dark PHOENiX - Taketori Hishou [Extra],NM,5.049798085941978,26.851803588898186
BAND-MAID - DICE [X],HD,6.475992132815519,26.819624784160595
MASAKI (ZUNTATA) - Touhou Kijinretsu [ItsWinter's Insane],NM,4.859252415378565,26.768993124808382
Calliope Mori x Gawr Gura x DECO*27 - Q [Queen],NM,6.034200901221582,26.721190539783578
L.E.D.-G - BITTER CHOCOLATE STRIKER [ANOTHER],NM,7.521826403207598,26.698857808588777
PSYQUI - Hype feat. Such (lapix Remix) [Seeing Stars],HD,5.745613208902262,26.655663940230042
Sangatsu no Phantasia - Pink Lemonade [Expert],NM,5.415587621229518,26.593490858140107
Seiryu - BLUE DRAGON [Blue Dragon],NM,7.002203437677592,26.527165027513192
ShinRa-Bansho - Dramatic Hizakurige [adioni's Expert],NM,5.926606788443241,26.50800822273858
Inori Minase - Yume no Tsubomi [Promise],NM,5.997925103250685,26.497010065762808
Neko Hacker - Kuishinbo Hacker feat. Kuishinbo Akachan [EX],HDNF,5.668591916408603,26.46471321184307
Inori Minase - Yume no Tsubomi [Promise],HD,5.997925103250685,26.35004687756176
Marcioz - Mate Um Bonito Hoje Mesmo! [Extreme],NM,6.343043699070304,26.32381031537094
Reol - Asymmetry [captin's Extra],HD,5.968649923531777,26.26774382320293
TrySail - High Free Spirits -TV.Ver- [StarR's Extra],NM,6.01827329823593,26.242829774300187
Sarah Connor - Cold As Ice (PH Electro Remix) (Nightcore Mix) [My Angel Kuki's Expert],NM,4.940866711672763,26.228677400057023
BLOOD STAIN CHILD - MOON LIGHT WAVE [Extra],NM,5.7676358324764765,26.182412678698856
RADWIMPS - Yume Tourou [Insane: Taki],NM,4.807200219653084,26.172126387715785
9mm Parabellum Bullet - Inferno [Agonizing Insane],NM,4.66243904156012,26.165778164068605
yuikonnu - Heart no Atoaji [Sotarks' Emotions],NM,6.043173541575692,26.108539935025796
Caravan Palace - Lone Digger [Hayu's Hyper],NM,4.7724025773526,26.075810024167417
technoplanet - Juvenile [Insane],NM,4.675072571327862,26.06771408749909
EVO+ - [A]ddiction [Insane],NM,4.642871489827581,26.02971563906555
DETI RAVE - NA KIEVSKOM DINAMO [DINAMO],NM,6.165408274414939,26.02499394228333
DECO*27 - Animal feat. Hatsune Miku [qq],NM,6.899017920753082,26.020546471383643
DystopiaGround - AugoEidEs [oyasumi],NF,7.221914157087275,25.976740324073248
halca - Kokuhaku Bungee Jump [Sentimental Crisis],NM,5.91258105257994,25.969183355514073
"kis-kis - ne uchi (Cut Ver.) [stop feeding me all this content, my head feels bloated]",NM,6.4197157762591655,25.921198542864076
DystopiaGround - AugoEidEs [oyasumi],HD,7.221914157087275,25.866294355434473
Demetori - Seijouki no Pierrot ~ The MadPiero Laughs [Lunatic],NM,4.902603704392648,25.766125811185283
Baby's breath - Kusabi [Flame Haze's Insane],NM,4.77688624832456,25.738326020412586
The Koxx - A FOOL MOON NIGHT (SHORT VER.) [Insane],HD,4.140175009489619,25.72684535499363
TheLaxOne - Skrillex Circulation [Rekt!],HD,6.301633054321105,25.71957149585836
"AliA - Kakurenbo [Ready, Set, Go!]",NM,6.0970194244842,25.660376666641042
Ariabl'eyeS - Reincarnation [Suffering],NM,9.62141156646743,25.598248573947455
THE ORAL CIGARETTES - 5150 [Sotarks' Cataclysm],NM,6.576322302047047,25.579423072318974
Fujijo Seitokai Shikkou-bu - Best FriendS -TV Size- [Fycho's Insane],NM,4.899453178072098,25.571512549532343
ke-ji feat. Nanahira - Ange du Blanc Pur [Insane],NM,4.6796478251699085,25.5154725714057
An - artcore JINJA [Lunatic],NM,5.014191541436129,25.426898733272346
Omoi - Snow Drive(01.23) [NiNo's Expert],NM,6.621448661951399,25.426139895645395
765 MILLION ALLSTARS - UNION!! [We are all MILLION!!],HD,6.250291569277183,25.408861706815372
PassCode - Ray [Extreme],NM,6.287865116234021,25.33311430268263
ZYTOKINE - Dancing Dollz feat. cold kiss - REDALiCE Remix [Extra],HD,5.378838080776566,25.319462617816065
Crywolf - Eyes Half Closed [Remap],NM,5.460696398773201,25.302096460443316
pyrokinesis - absolutely black body [sssssssssssWs!],NM,5.935048587524633,25.29053983643623
nowisee - confusion [Mordred's Expert],NF,5.763954176743389,25.2291538582082
Kurosaki Maon - Gravitation (TV Size) [Imagine Breaker],NM,6.796460523767266,25.218846089304925
KASAI HARCORES - TRIPLE PLAY [Triple Play],NM,5.595594540930476,25.187927786061245
Minase Inori - Bokura wa Ima [Believe us],NM,6.401894538682528,25.179727319243305
Roselia - -HEROIC ADVENT- [-SHIZUKU'S EXPERT-],HD,5.379618955901951,25.148855025978968
Teminite & Panda Eyes - Highscore [extrad1881 (ar 10)],NM,8.335858264570993,25.091660916320635
ayase rie - yuima-ru*world [Real's Insane],HD,4.3500049935773095,25.05595856337523
Susumu Hirasawa - SWITCHED-ON LOTUS [Lotus],NM,6.59931385969484,25.047947598275762
glass beach - bedroom community (tv size) [Julaaaan's Community],NM,7.281060635494193,24.984117416377718
"Poppin'Party - Live Beyond!! [Let's Live, Smile, Run, and Shout!!]",NM,6.172393291225098,24.831958289463422
Adust Rain - psychology [Shiinoha's Insane],NM,4.289876002454263,24.80732689323628
Miraie - Gucci Gucci Literature Club's Not Hot (ft. Monika) [Elcheer's Extreme Cancer],NM,6.821275074432141,24.799607354146328
Meiko - Leave The Lights On (KROT Remix) [Insane],NM,4.069742580127406,24.78550268054685
TUYU - Songs Compilation [Sorrow],NM,5.095771097053972,24.776714407466233
DJ Fresh - Gold Dust [Insane],HD,4.92992969263951,24.773699840913665
Kano - Walk This Way! (Cut Ver.) [Happiness!],NM,7.866514471896712,24.773330483730277
Reol - No title [Insane],HD,4.724431734412594,24.761133544645354
Sakamoto Maaya - Okaerinasai (tomatomerde Remix) [Collab],NM,4.65418903353528,24.745873856642444
"Camellia - FLYING OUT TO THE SKY (covered by Nanahira, moimoi, Nana Takahashi) [browiec & Kuki's EXTRA]",NM,6.500139931632581,24.73136146191041
Street - Dimension Ninja [Tech + Finger Control],HD,6.057313062261756,24.708637531340152
Abe Mao - Kotae (TV Size) [Lost],NM,5.531718997796355,24.67121883506922
Yorushika - Hana ni Bourei [Phantom],NM,4.673647317782368,24.668663703383302
Reol - Streaming Heart [CRN's Extra],NM,6.323480057864983,24.657049368634024
team Umifure - DEEP BLUE TOWN e Oide yo [Mir's Expert],NM,5.02526082452507,24.647244503676465
Shikai Yue - Telecaster B-boy [Free and Dead as a Bird],NM,5.25607582122577,24.561303607145135
LiSA - Tsumibito [Desire],NM,6.214900175781255,24.536055415468233
DJ'TEKINA//SOMETHING - Internet bitch P*Light Remix [N/A Reboot],NM,5.932563265487096,24.505071316364823
Camellia feat. Nanahira - finorza [Shattered],NF,6.365756789123207,24.503832471819155
Ray - km/h (TV Size) [A r M i N's Extra],NM,5.89130654591683,24.47429975488881
CHiCO with HoneyWorks - Kessen Spirit (TV Size) [Sotarks' Revolution],NM,6.22377601735035,24.44236531006162
Panda Eyes & Teminite - Highscore [Game Over],NM,7.334755293352658,24.44113657202773
toby fox - Last Goodbye [Determination],NM,5.771534023477088,24.385934759651963
PSYQUI - Still in my heart feat. Punipuni Denki [bones' true love <3],NM,6.044563122434218,24.385382334800838
Seiryu - BLUE DRAGON [Fiery's Insane],NM,4.838710690187424,24.370587068421607
Ray - km/h (TV Size) [Gotta Go Fast!],NM,6.467316461886227,24.361135867210848
Kano - Dear Brave [Bravery],NM,6.021465303683091,24.311002785074287
TOMINAGA TOMMY HIROAKI - JoJo ~Sono Chi no Sadame~ Archetype MIX Ver. [Overdrive],NM,6.037285121872459,24.30174179010742
Machico - fantastic dreamer [Meg's Extra],NM,5.283468846216545,24.285550611440943
AAAA vs. Morimori Atsushi - Xrocus [Insane],NM,4.650224940801427,24.262790787214772
Niji No Conquistador - zutto summer de koishiteru [Ultra],NM,7.196046655601705,24.25799483057201
Vickeblanka - Black Rover (TV Size) [Extreme],NM,7.002059015533613,24.233833543588922
Sabaton - The Last Stand [In The Name Of God],HD,6.232630082667349,24.227903978440057
Ayane - FaV -F*** and Vanguard- [Happiness],NM,5.94996352827725,24.19750380061243
Mitsukiyo - Summer Bounce [Paradise Collab],NM,6.00908134446469,24.174703710706773
Pratanallis feat. Tsuyuri Karin - Ren'ai Fantasy [Insane],HD,4.7491692623866095,24.14432259035848
HISATOMI - lullaby (feat. KIRA) (uet Remix) [one more before i go...],NF,7.017241634326382,24.078950774764806
Tech N9ne - Speedom (WWC2) (feat. Eminem & Krizz Kaliko) [Extreme],NM,5.8561712873096265,24.07557084459614
Utsu-P feat. Kagamine Rin - Tokyo Teddy Bear [Extreme],NM,6.592121667897423,24.04310682197387
LiSA - confidence driver (Cut Ver.) [Expert],HD,6.161229549423613,23.95366637953897
PSYQUI - Hype feat. Such [Nightfall],NM,7.217601020004529,23.943119739895145
Avenged Sevenfold - Save Me [Tragedy],SD,6.099036951036571,23.91818185397746
Kobaryo - Tool-Assisted Speedcore (TQBF Frame Advance RMX) [Delete The World],NF,8.064830773157961,23.912144758919386
Kobaryo - Tool-Assisted Speedcore (TQBF Frame Advance RMX) [Delete The World],NM,8.064830773157961,23.912144758919386
Camellia - epimerization [catalyst],NM,6.707378505751706,23.90919586086649
the peggies - Ashiato (TV Size) [Aistre's Insane],NM,4.22840231378513,23.890825010490875
Reol - Asymmetry [-Leadercela-'s Insane],NM,4.90113808764314,23.868961237364516
supercell - Kimi no Shiranai Monogatari -TV Edit- [Insane],NM,4.691665670365287,23.795808122809827
Laur - Sound Chimera [Chimera],NM,8.208373552214619,23.657526340409184
John Newman - Love Me Again [Can you love me again?],NM,8.126157976077915,23.60606360338318
HAG - Arrow [Firika's Insane],NM,4.4065990832358,23.602493754830764
Breaking Benjamin - Breath [Extra],NM,5.272865847352444,23.600995318253
fhana - little secret magic [Linada's Insane],NM,5.073052604300965,23.453401899562216
FROZEN QUALIA - Present [Petal],NM,5.68195602194873,23.438745104990772
Bad Bunny x Mora - Una Vez (Cut Ver.) [PKHG'S HARD],NM,3.288630202611199,23.432714330220644
Polyphia - O.D. [VINXIS' Extra],NM,5.4334808263357806,23.41997062309649
Bentham - Chicago [Sky City],NM,6.679651300277105,23.41600078649668
BTS - IDOL [Collab Hard],NM,3.1196484395143957,23.40027642941074
Mitsuki Kotono - Fuyu ni Saku Hana [Nostalgia],HD,5.4499804094956,23.386446039990318
Infected Mushroom - The Pretender [Pretender],NM,5.492186810814076,23.373761504574407
Kayano Ai - Oracion(TV-Size) [wkyik's Insane],NM,4.4372691994646125,23.36985271315387
Komiya Mao - (can you) understand me? [heh?],NM,5.30876708968913,23.29669964367654
AKINO from bless4 & CHiCO with HoneyWorks - MIIRO vs. Ai no Scenario [Tatoe],HD,5.981800049748241,23.254395456287952
THE ORAL CIGARETTES - Flower [Cataclysm],NM,6.27094903165291,23.182097485597403
Eve - Outsider [Extra],NM,5.174943067689647,23.135946461166924
[Kyoro] - Mochio- [Extra],NM,5.958117635184466,23.130101664503393
40mP feat. yuikonnu - Ame to Asphalt [Rain],NM,6.265702536619945,23.111106254813066
:)  feat. KAFU - Egonomy [fleX],NM,6.59679785643529,23.07462132042195
Tokyo.MeltiMelt - the Beautiful Cure feat. nayuta [Magnificat],NM,6.620203445251212,23.055520335297707
I love you Orchestra - Coconut Love [Expert],NM,5.542809901346272,22.922704352591488
Hoshimachi Suisei - phony [Sui-chan wa Kyou mo Kawaii!],NM,5.149536083167064,22.869375425250688
Bladee - Hotel Breakfast [Good boyy],NM,3.984093776220012,22.865301065277144
"25-ji, Nightcord de. x Hatsune Miku - Jack Pot Sad Girl [Marionette Inside the Box]",NM,5.238657508403973,22.8151563502003
Mrs. GREEN APPLE - Ao to Natsu [Reform's Summer],NM,6.137167591692602,22.784393685882694
Lia - Bravely You (TV Size) [-Tochi's Insane],NM,4.62342511464313,22.71502042242632
Sonny Shimoda & Shoebill - Relapped Foxification [Moderately Renarded],NM,2.973154776648804,22.62554735463859
Bad Bunny - La Santa (feat. Daddy Yankee) [no te hagas tu eres igual],NM,4.7591649506834095,22.615474222152198
"Imperial Circus Dead Decadence - Yomi yori Kikoyu, Koukoku no Tou to Honoo no Shoujo. [Reverberation]",NM,6.8099895259797405,22.55320488172622
Suzuki Konomi - Realize (TV Size) [Grasp of the Undying],NM,6.303162442349645,22.533146247243884
kalon. - Juubaku [VINXIS' Insane],NM,4.819220719584577,22.519772842182007
KASAI HARCORES - Cycle Hit [Home Run],NM,5.746726771457218,22.480216843897495
t+pazolite - Party in the HOLLOWood feat. Nanahira [EXTreme],NM,5.777577224380533,22.47535119039519
Hana - Sakura no Uta [litoluna's Extra],HD,5.504154785831231,22.322328476193782
"otetsu - Minamo no Sakura, Yume wa Sakayume [NiNo's Extra]",HD,5.61641774595974,22.255315894643484
Helblinde - Putin's Boner [Extra],NM,5.808594853943038,22.23667451228257
Fujiwara Chika (CV: Kohara Konomi) - Chikatto Chika Chika (TV Size) [Chika],NM,5.795931512180427,22.22559338277994
Bliitzit - Team Magma & Aqua Leader Battle Theme (Unofficial) [Catastrophe],NM,6.413248499271901,22.19703272273243
Silentroom - Nhelv [iniquitatem],NM,6.42599838139083,22.194929938816827
3R2 - Mischievous Masquerade [Casual],NM,6.055672154015285,22.182222921395976
Breathe Carolina & Sunstars - DYSYLM [Extra],NM,5.652702432457231,22.179374893349877
AKINO from bless4 - MIIRO [Miiro],NM,5.459550910945023,22.160925041326422
ZUTOMAYO - Kan Saete Kuyashiiwa [geragera],NM,5.738488799279255,22.155722248446953
MIMI feat. Hatsune Miku - Marshmary [Horizon],NM,5.491229107157984,22.149645284241274
Bliitzit - Team Magma & Aqua Leader Battle Theme (Unofficial) [Catastrophe],HD,6.413248499271901,22.106724141964836
"Little Glee Monster - Dakara, Hitori ja Nai (TV Size) [Happiness]",NM,5.763313176618038,22.055696316566387
MIMI feat. Hatsune Miku - Marshmary [Horizon],HD,5.491229107157984,22.051402920388092
Plan B - Candy (Speed Up Ver.) [KINKY NASTY],NM,8.30225984352743,22.034306631736136
Meramipop - Secret Desire - Dyes Remix - [Irregular],NM,5.720579675353054,21.97853270378243
WALKUERE - Ikenai Borderline [Insane],NM,4.815547565654051,21.963819275318983
Ye Mao - Red Sun In The Sky [Insane],NM,4.543203657605347,21.924180689517648
Ricky Montgomery - Cabo [Hard],NM,3.0214753719711043,21.921451528573606
Stormzy - Big For Your Boots [#Merky],NM,6.151172497031842,21.902668586285593
UNDEAD CORPORATION - Yoru Naku Usagi wa Yume o Miru [Lunatic],NM,5.195631744150684,21.882018967280743
TrySail - Utsuroi (Short Ver.) [browiec's Wisdom],NM,6.527377594374245,21.873053120674978
Porno Graffitti - THE DAY [Meyrink's Insane],NM,5.136562006446535,21.86140322327191
"Aethral - It's Boss Time, dude [$$$$]",HD,5.558755910247779,21.83533964518692
saradisk - 168 - 401 [Insane],NM,4.335289418115017,21.772580714434834
MYUKKE. - NO ONE YES MAN [PEACE],NM,6.1907497953841135,21.737941072645576
Wakeshima Kanon - Not For Sale Fossil [Frail],HD,6.184569050609928,21.713424281979783
Grant Kirkhope - King Sandybutt's Tomb [I    N    S    A    N    E],NF,4.402617735271256,21.710665640364407
ClariS - SHIORI -TV size mix- [Habi's Extra],NM,5.16378423609836,21.700279952954734
ClariS - Hitorigoto -TV MIX- [Xxdeathx's Insane],NM,4.942731250495896,21.666572608384115
MOMOIRO CLOVER Z - SANTA SAN [1-2-SANTA],NM,6.31782603717497,21.633223284409183
SPYAIR - Sakura Mitsutsuki (TV Size) [Aurora],NM,5.734609883550435,21.62372528597659
YOASOBI - Yoru ni Kakeru [Hard],NM,3.2218905994377494,21.59002868537011
SHADOWRAZE - SHOWDOWN [add222's zxc],NM,7.25376018822169,21.562896420463222
Frederic - oddloop [queerish dances],NM,5.263776303854461,21.551371401595325
PSYQUI - Hype feat. Such [Phosphene],NM,5.481670439866509,21.501063053483374
GHOSTEMANE - Mercury: Retrograde [Kalindraz's Insane],NM,4.458197192814949,21.440321645261903
Camellia - Fastest Crash [Collab Insane],NM,4.733254404453967,21.41789334908163
Nakamura Meiko - Core of Spark [Dash the Heart],NM,6.452988455987439,21.403241956760066
LVTHER - Some Kind Of Magic (Feat. MYZICA) [Walao's Insane],HD,4.1521458362119095,21.37271306319978
M2U - A Bella! (feat. Lucy) [X],NF,5.823539175949553,21.284930701913808
THE ORAL CIGARETTES - 5150 [Extra],NM,6.1804393061211815,21.188923635445022
Kidd Tetoon feat. Diego Smith - Illuminati (Cut Ver.) [Secreto],NM,5.028900126509875,21.174986388686136
Hoshimachi Suisei with Hololive Fantasy - Saga Jihen [newteurre's Extra],NM,5.208883789338212,21.112450237958807
Mrs. GREEN APPLE - Inferno (TV Size) [Fire Force],HD,4.713284815702212,21.095771467570692
Akatsuki Records - Trance Dance Anarchy [Don't Look Back],NM,6.843926227763996,21.068891999683544
Nogizaka46 - Yubi Bouenkyou (TV Size) [Glaceon's Extra],NM,5.54014725518093,21.041149436330176
sweet ARMS - I swear (TV Size) [Yasai's Extra],NM,5.352418513198581,21.007255867870327
kurokumo - God-ish [Gott ist tot],HD,6.340518387529521,20.996769992040164
Foreground Eclipse - Storytellers [Lunatic],NM,4.586962020894932,20.945371144581426
AZKi - Fake.Fake.Fake [Collab Extra],NM,5.732946180419504,20.923225299839775
DECO*27 - Streaming Heart feat. Hatsune Miku [Extra],NM,5.386261210870192,20.90141152933056
Culprate - Beast (Vorso Remix) [JeZag's Insane],NM,4.603033368584693,20.893571264085598
Toyama Nao - Gunjou Infinity [Abelia's Insane],NM,4.655378684491327,20.840378141074645
Ando Hirokazu - Gourmet Race [Expert],NM,4.796897369941673,20.797767859311264
Yamajet feat. Hiura Masako - Sunglow [Harmony],HD,6.24619130825563,20.784274416615556
Linked Horizon - Guren no Yumiya (TV Size) [Insane],NM,4.083471159346917,20.738369319373966
RADWIMPS - Zen Zen Zense (movie ver.) [Extra: Taki],NM,5.437408368685516,20.73227597164029
amazarashi - Kisetsu wa Tsugitsugi Shindeiku [Insane],HDSD,4.795324452391016,20.72480083241579
"storyteller(cosMo x GAiA) feat. IA, Kagamine Rin - Anti the EuphoriaHOLiC [Nowa's Insane]",NM,4.609224988307346,20.594247240674342
Franchouchou - Saga Jihen [The jealous dance of a distressed butterfly],NF,6.277362115608286,20.574708536135034
Dark PHOENiX - Ryokugan no Jealousy [Green-Eyed Monster],NM,6.819662027980455,20.56422470282544
fhana - little secret magic [HB's Expert],NM,5.508058754582943,20.48639253918629
Camellia - We Could Get More Machinegun Psystyle! (And More Genre Switches) [Frick],NM,6.776204952228868,20.465029869879736
Shoji Meguro - Kimi no Kioku (Aethral Remix) [Remembrance],NM,5.25817665559076,20.409775208535944
THE ORAL CIGARETTES - Amy [Meg's Extra],NM,5.624847095826123,20.340182808061066
Araki - Teo [Sotarks' Insane],NM,4.564661314419329,20.27267211967014
Aqours - Aozora Jumping Heart [Sunshine!!],NM,7.029270641890529,20.2716878751575
ZAQ - Caste Room [tomadoi & Karen's Ascension],NM,5.932821239378373,20.24343967578944
OxT - Silent Solitude [Ipas' Insane],NM,4.103263523839131,20.240631949913052
Imperial Circus Dead Decadence - Shinbatsu o Tadori Kyoukotsu ni Itaru [Extra Collab],NM,5.593598811571934,20.152701284944015
REDALiCE - Pekorap Tropical House Remix [Universal Daikaiten Peko Peko no Mai],NM,6.948137533917508,20.136866240951917
Nakiri Ayame - KING [Cruelty],NM,5.247773035658418,20.12687535813612
weyheyhey !! - UP THE BUM NO BAIIIIIBEEZ [JUMP AROUND],NM,7.010331876722278,20.024476732856407
ClariS - SHIORI -TV size mix- [Extra],NM,5.300088198235984,19.868696908588987
Colors*Slash - Colors Power ni Omakasero! [Rainbows],NM,6.032605115110572,19.788153234840706
S3RL - I'll See You Again (feat. Chi Chi) [Hard],NM,3.2848538597456964,19.74460210239699
cYsmix - triangles [Expert],NM,4.957406434202866,19.656117604966685
KINEMA106 - Fly Away [Extra],HD,5.591382605863824,19.592731023016448
Hana - Songs Compilation [Sakura],NM,5.4824365777305895,19.505352765291814
Three feat. Kagamine Len - Ego Rock [Extra],NM,5.043585024830764,19.48556010807332
Down - Ekoro [Light Insane],NM,3.912977660107855,19.384535000945817
u's - Korekara no Someday [Guy's Extra],HD,5.497953431270236,19.323175825832152
Colors*Slash - Colors Power ni Omakasero! [Mitsuboshi Jump!],NM,6.152124002147527,19.25579729827659
Roselia - This game [Last Game],NM,5.612609502323772,19.250438255891595
Seishun Buta Yarou Cast - Fukashigi no Karte [Uyamuya],NM,3.612963046116041,19.14296008779519
Laur - Sound Chimera [Orthrus],HD,4.49444482713089,19.079406361169212
Nekomata Master+ - chaos eater -IIDX edition- [Kyumo's Another],NM,4.945873273954036,19.008546761696255
Delta Heavy & MUZZ - Higher Ground (feat. Cammie Robinson) (Cut Ver.) [Reaching Out],NM,4.540894127907169,18.98382007074983
Akatsuki Records x Liz Triangle - First Memory / Next Memory [Marathon],NM,5.320512305459902,18.96528038269147
MISATO - Necro Fantasia [Lunatic],NM,6.051965810858256,18.921447476451743
TAROLIN feat. Katakiri Rekka - Cardinal Rave [Expert],HD,5.523466183805998,18.894533937726386
Hyadain - Hyadain's Jojo Yujo (TV Size) [Hard!],NM,3.32123610035654,18.860901153755968
"Ben and Ben - Kathang Isip [Burst damage or damage over time, it's still the same when you let go.]",NM,3.3610841820547104,18.838711143005767
MISATO - Necro Fantasia [Lunatic],HD,6.051965810858256,18.835317480233133
Inugami Korone & Nekomata Okayu - Hyadain's Jojo Yujo [Yuuma & Amateurre's Insane],NM,4.899620120662165,18.832294777208514
BLACKPINK - Pink Venom [Taste That!],NM,4.652882638434272,18.8262262148179
REDALiCE - Pekorap Tropical House Remix [Extra],NM,5.760897255842509,18.72575888971931
Kano - Sukisuki Zecchoushou [NiNo's Extra],NM,6.423914496062989,18.681025051405843
TRUE - Soundscape [Waji's Hard],NM,3.349183149639687,18.547937842226645
sweet ARMS - Trust in you (TV Size) [Another],NM,4.647580554289177,18.473276716526502
Panda Eyes & Teminite - Immortal Flame (feat. Anna Yvette) [Eternal Blaze],NM,7.003500155189385,18.36085507822164
yuikonnu - Uchouten Vivace [Vivace!],NM,4.726463261903368,18.353041142279505
SakiZ - osu!favourites [Marathon],NF,7.152229295478056,18.30765627726196
mimimemeMIMI - Harebare Fanfare [Hazu's Insane],NM,4.427604692807332,18.277363651864487
Hyadain - Megaman Mix [Marathon],FL,2.804549854812267,18.1222997950055
"Wake Up, May'n! - One In A Billion [Rosiie's Insane]",NM,4.59351047039322,18.03469622250254
Starset - My Demons [Survivability],HD,5.455327783941995,18.03467595838231
HO-KAGO TEA TIME - Kira Kira Days [pkhg's Insane!!],NM,3.936885347861189,18.030315797368377
HO-KAGO TEA TIME - Kira Kira Days (Cut Ver.) [Reform's Expert],NM,5.452532018486074,18.00923518642344
kis-kis - ne uchi (Cut Ver.) [Reform's Expert],NM,5.44442688186405,17.958658873659164
Starset - My Demons [Insane],NM,4.49689077948158,17.823887922371707
Panda Eyes & Teminite - Immortal Flame (feat. Anna Yvette) [Insane],NM,4.2534621882027945,17.78109209055102
Panda Eyes & Teminite - Highscore [Extra],NM,6.011725066874355,17.750602445637888
ELECTROCUTICA - Dependence Intension [AERIL'S INSANE],NM,4.504601070380006,17.73754317650906
Oskar Schuster - Fjarlaegur (Cypix Remix) [Insane],NM,4.379244514551906,17.702952314484662
inabakumori - Lost Umbrella [Extra],NM,6.119738789221205,17.604626845115188
Bentham - Chicago [Expert],NM,5.544854941319404,17.52000417099208
DM DOKURO - SAVE (Encore) [Fatfan's Expert],NM,4.998148762685445,17.502428118025872
t+pazolite - Oshama Scramble! (IOException Edit) [Special],NM,6.583587399492515,17.431060329311613
Mizuki Nana - STARTING NOW! [Nowa's Hyper],NM,3.901687408751964,17.2567033640833
Gohma - Forward [Light Breakout],NM,5.207053173709062,17.14506669542056
Phao - 2 Phut Hon [2p51],NM,4.733015446427027,17.13479129224555
Hyadain - Hyadain's Jojo Yujo (TV Size) [Karaage's Insane!],NM,3.9788163858492336,17.00475607529029
Yuma Mizonokuchi feat. Ai Ohsera - Princess Lily [Hard],NM,3.6007073077415,16.9716158269744
inabakumori - Lost Umbrella [kusano's Extra],NM,5.205322522291484,16.749549599265997
Tomatsu Haruka - courage (TV Size) [NiNo's Insane],NM,4.297535368903568,16.57291094234995
YOASOBI - Love Letter [Please accept my overflowing emotions.],HD,4.416882050114285,16.56613147341745
KikuoHana - Desert Theater [Battle's Insane],HD,4.711530979980882,16.398872402027045
Nanahoshi Kangengakudan feat.Matsushita - Dance Number o Tomo ni [Dance Number],NM,5.544710443343845,16.38767793803309
Ikimonogakari - Blue Bird feat. k*chan [ dj-Jo Remix ] TV Size [Kirishima-'s Expert],NM,4.866308962063394,16.357994367989694
kis-kis - ne uchi (Cut Ver.) [Insane],NM,4.365271551723425,16.262901312057345
Kondo Akihisa - Black Night Town (TV Size) [Vengeance],NM,6.040966600986662,15.759101485699928
Lil Mosey - Blueberry Faygo [Extreme],NM,5.980199236948766,15.752877441809416
Tsumiki - phony [Calvaria's Ex],HD,5.452934963020413,15.724943787932157
Knife Party & Tom Morello - Battle Sirens (RIOT Remix) [Djulus' Hyper],NM,3.5426349567514324,15.694351955546898
Teminite & MDK - Space Invaders [Dimensional Virtual Arcade],NM,8.036364079578016,15.482095767007406
Super Chorogons - Maid with Dragons (TV Size) [Peaceful],NM,5.382329078126003,15.468853231310124
TrySail - Utsuroi (Short Ver.) [mnyui's Extra],NM,5.279954856469124,15.377593625876457
ViViD - HIKARI (TV Size) [browiec's Insane],NM,4.49567413550735,14.817614008690407
Andromedik - Invasion [Collab Extra],NM,5.2147177049820375,14.810904844931677
Ikimonogakari - Blue Bird feat. k*chan [ dj-Jo Remix ] TV Size [Tweet],NM,5.049901302407212,14.80443544462318
HAG - Colorful [Nevo's Expert],NM,5.47391888243804,14.657293602465227
Camellia - Exit This Earth's Atomosphere [Evolution],NM,6.748054818032312,14.514100152725645
Mantis & Rekoil - Trauma [Senitoshi Collab],NM,7.30510962337498,14.506832709296603
Omoi - Snow Drive(01.23) [pk's Insane],NM,4.649038423245296,14.365040975322593
YOASOBI - Gunjou [Irreplaceable],NM,5.0408967293365965,13.795091280600545
"Katarzyna Bogusz, Ola Maciejewska, Przemyslaw Kleczkowski - Blogoslawieni Milosierni (Krysiek Remix) [Blessed are the Merciful]",NM,5.662186046317627,13.194827634410371
Syoko Hoshi (CV: Satsumi Matsuda) - Zettai Tokken Shuchou Shimasu! Hoshi Syoko Solo Remix [Yuria's Insane],HD,4.019959841451758,12.89096005577152
Camellia feat. Nanahira - finorza [Collab Another],NM,4.807924090169241,12.6417678686336
GYZE - HONESTY [Haxwill's Slider Hell],NM,4.899758214243356,6.173417070188414
