beatmap_name,mods,stars_live,neg_loglik_SS,neg_loglik_300s_and_100s,neg_loglik_FC
odaxelagnia - nicololi [for weak CS3 HP2],NM,9.146768408,85.31455798,55.15655324,54.14400035
va - jump pack [A FOOL MOON NIGHT],NF,10.08416527,77.10856639,47.22992737,45.78478195
umu. - humanly [facade],NM,8.941362888,64.95376566,41.09108978,40.19930463
xi - FREEDOM DiVE [Arles],NF,9.700611217,87.73404848,44.1187239,37.68365711
Various Artists - Julaaaan's Triangle Jump Training 2 [On My Own],NM,8.807588233,67.35955284,38.29269479,36.805082
Kobaryo - Tool-Assisted Speedcore (TQBF Frame Advance RMX) [Delete The World],NM,8.064830773,57.08187458,38.04659442,36.33099803
Kobaryo - Tool-Assisted Speedcore (TQBF Frame Advance RMX) [Delete The World],NF,8.064830773,57.08187458,38.04659442,36.33099803
Camellia feat. Nanahira - Kizuitara Shunkashuutou [Seasons],HDNF,9.55096195,63.69181329,37.41526461,35.22831045
Sellouts - Spotify Ads [AWESOME SCREEN AWESOME CAMERA LONG LASTING BATTERY LIFE],NM,8.597131571,47.40839562,30.68719189,29.83080119
HitoshizukuP x Yama - Crazy nighT [EnD],HDNF,8.553634842,51.97532575,30.58711224,29.34423322
shikata akiko - Katayoku no tori [Arles],NF,8.560100841,53.1453672,31.07693282,29.0585826
Carlito - Poco Loco [pinata why u explode],NM,8.380468631,48.89747027,29.39622684,28.67182794
Chikamori Kayako - Kigurumi Sungeki [La~ La La ~~ La La La. La. La.],NM,7.796994438,53.69121219,29.68730426,27.92756641
a_hisa - Logical Stimulus [owo],NF,8.125618321,73.92967769,32.36164498,27.14018965
Mrs. GREEN APPLE - Ao to Natsu (katagiri Bootleg) (Sped Up Ver.) [Summer],NM,9.217350507,48.00523586,28.18835317,26.9472598
F-777 - Space Battle [cs 4 lo],NM,7.900571651,65.38164542,30.73470198,26.50206765
Watashi (CV: Yuuki Aoi) - Ganbare! Kumoko-san no Thema (TV Size) [Ultra: Arachne],NM,7.733925907,53.28519574,28.8909496,26.41170005
"Nanahoshi Kangengakudan - Rubik's Cube [43,252,003,274,489,856,000]",NM,8.052040035,73.58243397,31.49802882,26.33554369
Aqua - Barbie girl [Ultimate Cancer],NM,9.230689521,43.64794534,26.09065875,25.35292594
DJ OKAWARI - Flower Dance [Titania 9.7],NM,7.816623356,47.27798895,26.457995,25.2484665
DJ OKAWARI - Flower Dance [Titania 9.7],NM,7.816623356,47.27798895,26.457995,25.2484665
Ariabl'eyeS - Reincarnation [Suffering],NM,9.621411566,38.84138352,25.03384637,24.48428976
NOA - Monsters [<>],NM,7.997461658,50.80162621,24.60573706,23.20735222
penoreri - Preserved Valkyria [Arles],NM,8.455072694,44.72952036,24.65617693,22.87110806
Camellia - We Could Get More Machinegun Psystyle! (And More Genre Switches) [Frick],NM,6.776204952,37.71054784,23.64374172,22.33765552
xi - FREEDOM DiVE [ENDLESS DiMENSiONS],NM,7.455631271,70.56551172,28.83903622,22.25928536
DECO*27 - Ghost Rule [No One But CRN !!],NM,8.010053647,38.47100357,22.52188997,21.88080326
PinocchioP - sukisukisukisukisukisukisukisukisukisuki [LESS THAN THREE DIMENSIONS],NF,8.19664622,60.54141513,25.91261808,21.65902934
Kabocha - EmbryO [Heilia's Ultra],NM,7.50954559,53.07329582,24.6240691,20.91483139
Linkin Park - Breaking The Habit [turbo kolab],NM,7.643965386,39.18469777,21.76173602,20.90775949
Linkin Park - Breaking The Habit [turbo kolab],NM,7.643965386,39.18469777,21.76173602,20.90775949
Ata - Euphoria [Ultimate Power],HD,8.459031952,52.49689102,23.09077304,19.63182559
xi - Blue Zenith (Cut Ver.) [TWO DIMENSIONS],NM,6.998108114,60.64770539,24.25339346,19.60804733
Fanatic - Seishoujo Syndrome [mega kolab],NM,9.249203405,47.70069991,23.37600058,19.44995468
Charlie Darker & Far Too Loud - Nail Gun (Short ver.) [CIDOR Diff EzRX],NM,7.908704834,42.8730681,20.16012676,18.92559303
Niji No Conquistador - zutto summer de koishiteru [Summer is only beginning],NM,8.567506902,36.83867609,19.74484856,18.68140425
MYUKKE. - NO ONE YES MAN [PEACE],NM,6.190749795,37.20556759,20.01295984,18.46156803
Kondo Koji - Slider [64 DIMENSIONS],NM,6.984579506,54.64996621,22.2400893,18.46073312
Imagine Dragons - Warriors [1000lp challenger],HDNF,8.323390052,42.87224824,20.68448343,18.33789994
John Newman - Love Me Again [Can you love me again?],NM,8.126157976,32.44421282,18.50666121,17.91895441
Yuaru - Asu no Yozora Shoukaihan (Speed Up Ver.) [Together],NM,8.226456986,46.15892616,20.53856354,17.697536
Kishida Kyoudan & The Akeboshi Rockets - HIGHSCHOOL OF THE DEAD (Speed Up Ver.) [Eternity],NM,8.136054161,39.62806005,19.22471256,17.69489341
Laur - Sound Chimera [Chimera],NM,8.208373552,35.16366856,19.0794756,17.68346533
t+pazolite - Oshama Scramble! (IOException Edit) [Special],NM,6.583587399,29.7639893,18.85617023,17.6747827
technoplanet - Juvenile [Ataraxis],NM,7.577033103,64.39481074,23.33678826,17.51837624
:)  feat. KAFU - Egonomy [fleX],NM,6.596797856,37.28118957,18.96338651,17.10854318
gmtn. (witch's slave) - Illegal Paradise [Slavery],NM,7.120851917,58.0490596,22.88403271,17.018983
DJ OKAWARI - Flower Dance [Titania NC 9.8],HDNF,7.960868559,44.68498361,18.92867865,16.62861388
II-L - VOSTOK-3 [Basic],NM,7.091104269,45.62877979,18.72764062,16.52432016
tokiwa yuu - shounen ripples [Arles],NM,8.111010138,43.12384354,18.73949738,16.52034603
Shimotsuki Haruka - Youka to Yumeutsutsu [Awaken AR10],NM,8.015816277,38.53105077,17.88298661,16.21582725
Sota Fujimori - polygon [Incrementally Hi-Speed Extreme],NM,6.716143249,45.38871307,19.36858516,16.20820208
HISATOMI - lullaby (feat. KIRA) (uet Remix) [one more before i go...],NF,7.017241634,34.66017053,18.02808739,16.19374768
e-ZUKA - Assailant in the Night [a],NM,8.256208793,174.5848824,54.83104467,16.05523032
Dancing Cats - Go Kitty Go! [lets go],NM,7.344162177,37.86340253,17.40996901,15.86783727
Halozy - Genryuu Kaiko [Higan Torrent],NM,6.76889282,47.13133001,19.07871901,15.77015567
Street - Dimension Ninja [Tech + Finger Control],HD,6.057313062,39.04847977,18.16985495,15.66587031
Fellowship - Glory Days [Relentless Heartache],NM,7.440694506,58.08280648,20.52735606,15.61623994
Release Hallucination - Chronostasis [A Brilliant Petal Frozen in an Everlasting Moment],NM,8.824001364,62.91687607,21.55233243,15.56990269
Araki - Chiisana Koi no Uta (Synth Rock Cover) [Together],NF,8.162949191,34.88421796,17.09630107,15.26637461
Teminite & Panda Eyes - Highscore [extrad1881 (ar 10)],NM,8.335858265,28.94369425,15.54514469,15.1530778
Nitta emi - Heart beat [Arles],NM,7.553343635,43.96185556,18.12293519,15.10752433
xi - Garyou Tensei [Hello],NM,6.772852515,51.02829531,18.71893377,14.96663433
Imperial Circus Dead Decadence - Danzai No Honoo To Koibito-Tachi No Rondo [Someday they will meet each other again],NM,7.038805853,50.75969266,18.62641492,14.81349798
Emiru no Aishita Tsukiyo ni Dai San Gensou Kyoku wo - ito [Petal],NM,6.772517001,40.54351135,16.87451021,14.71735308
Nhato - Gekka [zerooooo],HDNF,6.826047789,34.50075479,15.99881692,14.66340477
Various Artists - Jump Training Collection #3 [Final Level!! - Yuudachi no Ribbon],NM,7.998304908,30.19782865,15.18612636,14.64706883
Aimiya Zero - -ERROR [Drowning],HD,7.404080235,30.02762355,15.23280664,14.49308995
xi - FREEDOM DiVE [Extra],NF,7.055493229,51.21272298,19.10541134,14.47948303
t+pazolite - CENSORED!! [XXX!!!],NM,7.420015133,31.58315799,15.22574244,14.4617734
Silentroom - Nhelv [iniquitatem],NM,6.425998381,30.47592849,15.72332404,14.31734397
PSYQUI - Hype feat. Such [Nightfall],NM,7.21760102,33.01395996,16.11241788,14.31547403
Kozato snow - Rengetsu Ouka [hana],NM,6.198485925,36.80860792,16.18095051,14.29112587
lapix - Carry Me Away (Extended Mix) [Bright Lights],NM,6.505736469,41.85254274,16.9999666,14.17242493
"Imperial Circus Dead Decadence - Yomi yori Kikoyu, Koukoku no Tou to Honoo no Shoujo. [Kurushimi]",NM,8.22540176,50.59552614,18.4932462,14.11686062
"Imperial Circus Dead Decadence - Yomi yori Kikoyu, Koukoku no Tou to Honoo no Shoujo. [Kurushimi]",NM,8.22540176,50.59552614,18.4932462,14.11686062
Kobaryo - Cartoon Candy [Girl's Mocha Cappucino Deluxe],NM,7.390460908,38.12960101,16.53570029,14.06624298
DECO*27 - Animal feat. Hatsune Miku [qq],NM,6.899017921,30.02833772,15.01864691,13.91557355
Madsonik & Kill the Noise Ft. Tom Morello - Divebomb [DIVE BOMB],HDNF,7.979863836,30.93734392,14.79992289,13.90199742
Kano - Walk This Way! (Cut Ver.) [Happiness!],NM,7.866514472,28.75108724,14.5291421,13.87697356
xi - FREEDOM DiVE [Extreme],NM,6.731949982,49.71357614,18.21558897,13.68607014
Camellia - GHOST [SPEKTRE],NM,7.06088863,52.0307919,19.07084485,13.66733612
L.E.D.-G - BITTER CHOCOLATE STRIKER [ANOTHER],NM,7.521826403,32.92820422,14.88991182,13.65128388
TOMINAGA TOMMY HIROAKI - JoJo ~Sono Chi no Sadame~ Archetype MIX Ver. [Overdrive],NM,6.037285122,31.8114033,14.88829006,13.59617331
Helblinde - Imagine Breaker [woof],HD,7.501561425,36.22235782,15.92345981,13.49394059
GYZE - HONESTY [DISHONEST],NM,7.114507345,66.83205968,19.81175224,13.10893666
Plan B - Candy (Speed Up Ver.) [KINKY NASTY],NM,8.302259844,24.26854227,13.37489026,13.03336726
Silvia - Vertex Gamma [GAMMA],NF,7.887110117,105.0004282,32.80749407,12.93845143
Silvia - Vertex Gamma [GAMMA],NM,7.887110117,105.0004282,32.80749407,12.93845143
Mitsukiyo - Summer Bounce [Paradise Collab],NM,6.009081344,34.75210886,15.1779896,12.88702302
Nekrogoblikon - The Skin Thief [Murder],NM,7.071174752,103.9683549,29.84664357,12.85094066
DimierLisb - Antiqua Doll [Psychoderia],NM,7.456298105,39.51970256,15.41393401,12.8409824
Kissing the Mirror x UNDEAD CORPORATION - Frozen Gear [Hunter In The Mist],NM,7.608327432,60.96187228,20.43090489,12.7810384
"Virtuanoise, Cosmo, Arcek & Zigurat - 4 Aliens At Work [CM vs. N vs. NB vs. T : Fourth day nonstop working in demand]",NM,7.885682284,45.86450034,16.40023336,12.49999203
OISHII - ONIGIRI FREEWAY [EXTREME RICE],NM,7.075432299,38.25404834,14.82160547,12.38749348
Popek - Rhythmic Collapse [Rhytmusstorung],NM,7.460353472,34.82617976,14.36037779,12.22233583
MYTH & ROID - Paradisus-Paradoxum [rem best girl],NM,7.388454296,39.46302091,14.8203611,12.16360291
Yorushika - Deep Indigo [That's Why I Gave up on Mapping],HD,7.168995356,29.44009282,13.10351162,12.15513068
Camellia feat. Nanahira - finorza [Shattered],NF,6.365756789,34.52245219,14.51730272,12.14856709
paraoka - REAL210 [Arles],NM,6.447282337,35.89642528,14.19982191,12.14348853
Franchouchou - Saga Jihen [The jealous dance of a distressed butterfly],NF,6.277362116,29.02450064,13.46351688,12.06026069
Niji No Conquistador - zutto summer de koishiteru [Ultra],NM,7.196046656,26.61928247,12.58906239,11.79919576
glass beach - bedroom community (tv size) [Julaaaan's Community],NM,7.281060635,26.44532118,12.38598256,11.72345409
katagiri - The Eve of the Breakcore Revolution [Extra],NF,6.73544372,46.89204817,15.77273633,11.72282923
SakiZ - osu!favourites [Marathon],NF,7.152229295,25.6943881,13.08974813,11.58105384
FLOOR BABA - WIGGLE CORE [TAP],NM,6.613191615,35.50616042,14.01647424,11.512504
"Katarzyna Bogusz, Ola Maciejewska, Przemyslaw Kleczkowski - Blogoslawieni Milosierni (Krysiek Remix) [Blessed are the Merciful]",NM,5.662186046,18.56105993,11.99803976,11.51001629
xi remixed by cosMo@bousouP - FREEDOM DiVE [METAL DIMENSIONS] [Extra],NM,6.576439792,55.03794178,16.81240797,11.42148633
TOOL - The Pot [High],NM,7.428424047,30.69289301,12.72291458,11.2881248
Team Grimoire - Dantalion [Conflict],NM,6.026841936,49.59312298,16.0933933,11.24331739
SMETANA Band - Ya Govnar' [Extreme],NM,7.288343683,35.31633228,13.16354665,11.1100347
Chroma - I [Mamiko's HEAVENLY],NM,6.359409502,36.28265863,14.22524735,11.08753539
UNDEAD CORPORATION - Yoru Naku Usagi wa Yume o Miru [Madness],NM,6.925652321,30.27998128,12.52020956,11.0663517
Rings of Saturn - Senseless Massacre [Fenza's Genocide],NM,6.911083756,68.38365778,22.85549408,11.05988377
K A Z M A S A - Bon Appetit S (Oldskool HappyHardcore Remix) (Short Ver.) [blend s (220 bpm)],NM,7.274582526,70.39683555,20.4710765,11.05802112
Serenity - Lionheart [Extreme],HD,6.442489526,54.83805592,15.94937061,11.01755551
Hiro - Carol Mega Mix [Yokes' Hidden Presents],HD,5.582682468,43.86248134,14.20846031,11.01226764
Yousei Teikoku - Autoscopy [Extreme],NM,6.313676295,34.28737367,12.86515755,11.00832201
Void - Just Hold on (To All Fighters) [Beginning],NM,6.105086622,59.29366042,17.18273575,10.967545
Void - Just Hold on (To All Fighters) [Beginning],NM,6.105086622,59.29366042,17.18273575,10.967545
Tokyo.MeltiMelt - the Beautiful Cure feat. nayuta [Magnificat],NM,6.620203445,27.12577777,12.04661071,10.89075918
kurokumo - God-ish [Gott ist tot],HD,6.340518388,24.80465433,11.77082335,10.84192698
Yousei Teikoku - Hades: The rise [Hardest],NM,7.003346838,36.35816909,13.01168634,10.83216479
Eve - Gekka*Midare Botan [Meg&Roll_Pan's E-Xtra],NM,6.891694812,34.88254915,12.84676336,10.78210033
3R2 - Mischievous Masquerade [Casual],NM,6.055672154,25.73786896,11.77407969,10.74882118
isoganakya - isogu (Stream Practice Maps) [300BPM],NM,7.451978654,118.7071916,34.56351868,10.66755504
Seiryu - BLUE DRAGON [Blue Dragon],NM,7.002203438,26.09193365,11.3691069,10.59066684
Camellia - epimerization [catalyst],NM,6.707378506,30.59661538,12.40087892,10.560555
Serenity - Lionheart [Extreme],NM,6.442489526,55.96248905,15.80206185,10.55199531
Susumu Hirasawa - SWITCHED-ON LOTUS [Lotus],NM,6.59931386,25.01368422,11.03657437,10.32171954
ONE OK ROCK - Take me to the top [Sotarks' Ascension],NM,6.696545678,27.00463885,10.96377367,10.30492548
"Demetori - Yuuga ni Sakase, Sumizome no Sakura ~ The Harm of Coming into Existence [Stage 6]",HD,7.208390719,33.05179318,12.07372095,10.29343323
Multiple Artists - thing [lol 235],HD,6.800563014,65.7125346,18.11844076,10.275851
GALNERYUS - RAISE MY SWORD [Feruver's Expert],NF,6.083909022,44.93504497,13.83683049,10.16034533
Dark PHOENiX - Ryokugan no Jealousy [Green-Eyed Monster],NM,6.819662028,22.98259073,10.83731172,10.13775135
Wagakki Band - Tengaku [Uncompressed Fury of a Raging Japanese God],NM,7.812080742,42.65409586,14.53650682,10.06960535
DystopiaGround - AugoEidEs [oyasumi],NF,7.221914157,26.90791262,11.06780144,9.983645809
Camellia - Exit This Earth's Atomosphere [Evolution],NM,6.748054818,19.48070096,10.61097371,9.942967521
Miraie - Gucci Gucci Literature Club's Not Hot (ft. Monika) [Elcheer's Extreme Cancer],NM,6.821275074,23.68927307,10.53429487,9.93982551
Busdriver - Imaginary Places [NeBu's Speed Demon],NF,6.920791209,43.58014413,13.348242,9.914193605
Feint - Tower Of Heaven (You Are Slaves) [Heaven],HD,5.545273796,36.62800364,12.51763005,9.87314142
Silvia - Vertex Delta [DELTA],NM,7.216997546,93.01402341,26.74241513,9.857619609
Demetori - Nostalgic Blood of the East ~ Sic World [The Girl Who Reads Scrolls],NM,6.662419798,47.95320884,14.41503699,9.813088315
DystopiaGround - AugoEidEs [oyasumi],HD,7.221914157,26.2029761,10.80961151,9.794037566
TUYU - Namikare [Withering Tears],NM,6.976028127,35.10082127,12.09817641,9.783279804
SHADOWRAZE - SHOWDOWN [add222's zxc],NM,7.253760188,20.43677356,10.13777168,9.736232282
Yooh - LegenD. [GRAVITY],NM,6.10624807,32.11089972,11.68732438,9.640893696
Foreground Eclipse - Song's Compilation [Flames Within These Black Feathers],NF,6.756233499,32.6550845,11.71299965,9.640624725
Meramipop - Secret Desire - Dyes Remix - [Irregular],NM,5.720579675,28.26600652,11.49417667,9.630937113
"ShinRa-Bansho - Pink Kurage to, Sotto, Kiss o Shita. [I gently kissed the pink jellyfish.]",HD,6.908677309,29.80228121,11.14716003,9.547770006
[Kyoro] - Mochio- [Extra],NM,5.958117635,26.13343699,10.74399437,9.496666934
UNDEAD CORPORATION - Everything will freeze [Extra],NM,6.692138142,60.37774628,17.19492397,9.453115503
ZUTOMAYO - Kan Saete Kuyashiiwa [geragera],NM,5.738488799,26.2468244,10.78280493,9.347305186
Andromedik - Invasion [Collab Extra],NM,5.214717705,20.53632927,10.2895156,9.328833615
Various Artists - 220bpm pack [Mynarco Addiction],NM,7.050281463,36.12149817,12.25721275,9.322566046
M2U - A Bella! (feat. Lucy) [X],NF,5.823539176,23.72799312,10.16655962,9.282990619
Tech N9ne - Worldwide Choppers [Gangsta],NF,6.349763454,33.47432747,11.37608409,9.207282044
Ling Yuan yousa - Kami no Manimani [dance! dance!],NM,5.906146614,30.51049132,11.13489375,9.19425484
Unknown Artist - LEGIA TO CHUJE [Ultimate 2021: Speed],NM,6.695980383,118.5742043,34.38366347,9.066555492
Ne Obliviscaris - Libera [Lachesismic Armageddon],NM,8.139245487,74.0458742,19.45977056,9.064188013
Falcom Sound Team J.D.K. - baresuta intachi(Remix) [Extra AR10],NM,6.836884059,44.63502812,14.32841961,9.03105479
Yousei Teikoku - last moment [extreme],NM,6.270364518,40.49057107,12.26563057,9.024009519
Kondo Akihisa - Black Night Town (TV Size) [Vengeance],NM,6.040966601,17.59127522,9.376408445,9.018788898
THE ORAL CIGARETTES - Sesshoku [Apocalypse],HD,6.656151415,27.28133631,10.19716212,8.995951095
Imperial Circus Dead Decadence - Chinurareta Shuren ni Fukeru Houmura [Despair],NM,7.980034409,37.2132284,11.77460165,8.989882682
xi - FREEDOM DiVE [FOUR DIMENSIONS BPM180],NM,5.808355895,57.16255699,15.05827321,8.950548253
KASAI HARCORES - Cycle Hit [Home Run],NM,5.746726771,28.13006056,10.83258585,8.880921485
KASAI HARCORES - Cycle Hit [Home Run],NM,5.746726771,28.13006056,10.83258585,8.880921485
KASAI HARCORES - Cycle Hit [Home Run],NM,5.746726771,28.13006056,10.83258585,8.880921485
Jakarta Funk Brothers - INSOMNIA [hehe's C11H15NO2],NM,5.870751474,43.09184151,14.01923504,8.870767304
Hige Driver join. SELEN - Dadadadadadadadadada [SPECIAL],NF,6.340910857,29.81766382,10.56239851,8.866333987
Stormzy - Big For Your Boots [#Merky],NM,6.151172497,21.91256381,9.543910624,8.842410139
II-L - SPUTNIK-3 [Beyond OWC],NM,6.187928558,50.72104263,13.32421283,8.721086127
Sunless Rise - Awakening [Untruth],NM,7.132570969,40.49809472,12.66985083,8.691475891
Sunless Rise - Awakening [Untruth],NM,7.132570969,40.49809472,12.66985083,8.691475891
cosMo@BousouP feat. Hatsune Miku - Machinegun Poem Doll [Chaotic Burst of Maniac Rhythm],NM,6.293297812,44.78802285,13.10154534,8.682168646
Mob Psycho 100 (MOB CHOIR) - 99 [100%],NM,6.493769921,31.95231945,10.70779536,8.648842549
inabakumori - Lost Umbrella [Extra],NM,6.119738789,19.83679055,9.448866038,8.647505334
Teminite & MDK - Space Invaders [Dimensional Virtual Arcade],NM,8.03636408,18.4511448,9.314543795,8.644584666
Bentham - Chicago [Re: Wonder],NM,6.03592913,28.7852967,10.23847954,8.642845495
Memme - Plasma Gun [Extreme],NM,6.457730436,42.34599174,12.1006266,8.582363323
DJKurara - Goodbye [SEVEN COLORS],NM,6.12564775,32.26624564,10.76351113,8.531112175
dj TAKA - quaver [NiNo's Extra],HDNF,6.17796988,24.25894957,9.071893236,8.520543068
Thaehan - Doki-Doki [Extremerino],HD,5.830085535,37.20843872,11.42447695,8.500873608
Camellia - Break The Silence [murmur.],NM,7.007698325,35.05382332,10.94080649,8.455428085
Vickeblanka - Black Rover (TV Size) [Extreme],NM,7.002059016,20.81555254,8.914975518,8.45048715
Omoi - Snow Drive(01.23) [NiNo's Expert],NM,6.621448662,26.5550828,10.0412766,8.435503641
Yuyoyuppe - -ELIS- [Extreme],HD,6.42323851,47.00341922,12.78916761,8.371722421
Aqours - Aozora Jumping Heart [Sunshine!!],NM,7.029270642,18.81515354,8.758842397,8.359498987
positive MAD-crew - Mynarco [Withdrawals],NM,6.017462028,37.95097665,11.28808006,8.319877052
"Hoshimachi Suisei - GHOST [I will keep Singing in the Dark, just for ''You''.]",NM,6.527789328,30.37861477,10.01374711,8.31493496
"Hoshimachi Suisei - GHOST [I will keep Singing in the Dark, just for ''You''.]",NM,6.527789328,30.37861477,10.01374711,8.31493496
Tsumiki - phony [Calvaria's Ex],HD,5.452934963,19.23245623,9.077920845,8.249735314
DETI RAVE - NA KIEVSKOM DINAMO [DINAMO],NM,6.165408274,20.33067962,8.643902847,8.243143014
ShinRa-Bansho - Itazura Sensation [The Dead Princess was her?],NM,6.558103079,27.84278917,9.82202059,8.219639961
Nanahoshi Kangengakudan feat.Matsushita - Dance Number o Tomo ni [Dance Number],NM,5.544710443,19.4299875,9.072409795,8.211014404
Bentham - Chicago [Sky City],NM,6.6796513,19.90770551,8.632171214,8.188040947
weyheyhey !! - UP THE BUM NO BAIIIIIBEEZ [JUMP AROUND],NM,7.010331877,20.74952398,8.826019814,8.121649101
"Camellia - FLYING OUT TO THE SKY (covered by Nanahira, moimoi, Nana Takahashi) [browiec & Kuki's EXTRA]",NM,6.500139932,24.57142469,9.155632403,8.012562608
TheLaxOne - Skrillex Circulation [Rekt!],HD,6.301633054,22.0304769,8.642171266,8.003885168
PSYQUI - Still in my heart feat. Punipuni Denki [bones' true love <3],NM,6.044563122,27.22310609,9.783458588,7.972912187
Getty vs. DJ DiA - Grayed Out -Antifront- [Loli's Ultra],NM,6.173638327,31.37665916,10.13933547,7.964313356
Imperial Circus Dead Decadence - Shinbatsu o Tadori Kyoukotsu ni Itaru [Extreme],NM,6.479083184,45.25176513,13.26173485,7.951433647
onoken - Viden [Extreme],HD,5.701253135,36.82912046,10.67762355,7.937705963
"Imperial Circus Dead Decadence - Yomi yori Kikoyu, Koukoku no Tou to Honoo no Shoujo. [Reverberation]",NM,6.809989526,23.72606575,9.374269566,7.929789519
KNOCK OUT MONKEY - BRAVE OUT (TV Size) [THE TRUTH],NM,6.328118931,27.75279089,9.464841766,7.92735896
Marcioz - Mate Um Bonito Hoje Mesmo! [Extreme],NM,6.343043699,20.67658252,8.352279525,7.915249012
DJ Okawari - Flower Dance (Short Ver.) [Dance],NM,6.0132739,26.76428098,8.8575363,7.891942775
THE ORAL CIGARETTES - 5150 [Sotarks' Cataclysm],NM,6.576322302,23.52942193,8.808456046,7.875602133
Imperial Circus Dead Decadence - Shinbatsu o Tadori Kyoukotsu ni Itaru [Mun's Expert],NM,6.305655428,33.87590102,11.33668034,7.823054617
Akatsuki Records - KARMANATIONS [Reincarnation],NM,6.089176893,23.28844946,8.612373402,7.819179295
Akatsuki Records - KARMANATIONS [Reincarnation],NM,6.089176893,23.28844946,8.612373402,7.819179295
Apocalyptica - Reign of Fear [VI],HD,6.237214053,49.43661184,12.50800151,7.792317489
"kis-kis - ne uchi (Cut Ver.) [stop feeding me all this content, my head feels bloated]",NM,6.419715776,20.54933079,8.181202996,7.751800127
"MY FIRST STORY feat. chelly (EGOIST) - 1,000,000 TIMES [AGAIN AND AGAIN]",NM,6.194000609,26.67738017,9.225739698,7.74173825
Calliope Mori x Gawr Gura x DECO*27 - Q [Queen],NM,6.034200901,28.05497317,9.485950553,7.740721225
GYZE - HONESTY [Haxwill's Slider Hell],NM,4.899758214,8.194360718,7.76008556,7.737836203
TrySail - Utsuroi (Short Ver.) [browiec's Wisdom],NM,6.527377594,17.26895253,7.947659607,7.698550911
Camellia - Diastrophism [Real's Extreme],NM,6.045091349,39.36027799,11.547787,7.696674639
96neko - Uso no Hibana [Monstraia's Extra],FL,6.309047266,28.04740056,9.109835195,7.68551603
Roselia - This game [Last Game],NM,5.612609502,20.80289131,8.637063029,7.640933596
qfeileadh - breathe [Extreme],NM,5.711503905,53.67300933,12.69402592,7.609240874
LeaF - Calamity Fortune [Extra],HDFL,5.790563753,46.74642391,12.30551221,7.601133396
Tyrfing - Verflucht [Another],HD,5.856943221,44.72053067,11.93862804,7.596328566
Abe Mao - Kotae (TV Size) [Lost],NM,5.531718998,24.63048699,8.787435035,7.561229896
BAND-MAID - DICE [X],HD,6.475992133,24.76646221,8.677658073,7.51914309
Foreground Eclipse - Song's Compilation [Destruction],HD,6.422663944,41.49937382,11.4906509,7.501264969
Hoshimachi Suisei with Hololive Fantasy - Saga Jihen [newteurre's Extra],NM,5.208883789,24.42271836,8.991999336,7.500903328
UROBOROS - Black Swallowtail (TV Size) [Flezlin's Extra],NM,6.290803138,34.94676386,10.53381019,7.492991101
toby fox - Finale [Determination],HD,5.799902745,28.13752759,9.072613412,7.484206517
"nano - Star light, Star bright (TV Size) [Destiny]",NM,6.310230286,22.05921769,8.087167028,7.467782574
Reol - Streaming Heart [CRN's Extra],NM,6.323480058,20.68523388,8.26783407,7.456056665
-45 - Mind of the Corpse [mario kart wii is better than osu],NF,6.882096814,64.30144364,16.24816666,7.428863505
DECO*27 - First Storm feat. Hatsune Miku [my Drops of Tears I'll turn to Sparks of Fire],NM,6.656586256,33.38150798,9.950269356,7.400585506
Mantis & Rekoil - Trauma [Senitoshi Collab],NM,7.305109623,14.64226042,7.717068144,7.350973357
Saint Snow - DROPOUT!? [Kowari's Extra],NM,5.802104862,47.42978422,12.31632702,7.345585729
REDALiCE - Pekorap Tropical House Remix [Universal Daikaiten Peko Peko no Mai],NM,6.948137534,16.85309339,7.639292418,7.311492106
SYU (from GALNERYUS) - REASON [Meaning of Life],NM,5.925470137,38.95110337,10.93887252,7.275717848
SYU (from GALNERYUS) - REASON [Meaning of Life],NM,5.925470137,38.95110337,10.93887252,7.275717848
PSYQUI - Hype feat. Such (lapix Remix) [Seeing Stars],HD,5.745613209,30.69814809,9.915261556,7.245048672
Mia REGINA - My Sweet Maiden [Lust],NM,6.261554293,33.62059993,9.712662791,7.208145743
Kurosaki Maon - Gravitation (TV Size) [Imagine Breaker],NM,6.796460524,21.48731677,7.855058851,7.185394825
Aether Realm - The Fool [Shadow of the Light],NM,6.901760937,36.07924733,10.83061734,7.126413459
Nekomata Master+ - chaos eater -IIDX edition- [Kyumo's Another],NM,4.945873274,21.19026683,8.469312781,7.115539387
UNISON SQUARE GARDEN - Phantom Joke (TV Size) [A r M i N's First Order],NM,6.34962688,26.86124849,8.709851671,7.113774461
9mm Parabellum Bullet - Inferno [Tortured Soul Extra],NM,6.661078656,51.37959753,13.18972623,7.109987017
Ikimonogakari - Blue Bird feat. k*chan [ dj-Jo Remix ] TV Size [Tweet],NM,5.049901302,16.96228033,7.8860163,7.094573486
DJ Totoriott - Chloe [yf's Extra],NM,5.942771037,25.94386006,8.339350647,7.092019975
Bliitzit - Team Magma & Aqua Leader Battle Theme (Unofficial) [Catastrophe],NM,6.413248499,16.71015698,7.320653733,7.091492352
SOUND HOLIC - Airman ga Taosenai (SOUND HOLIC Ver.) [Airman],NM,6.057371567,27.50374758,8.572156222,7.091114689
sakuzyo - Imprinting [Ayaya's Expert],NM,5.670057468,55.88277431,13.17179951,7.066473485
Sarah Connor - Cold As Ice (PH Electro Remix) (Nightcore Mix) [Rikka's dunno],FL,5.929311065,28.39067795,8.41647231,7.031411134
Sabaton - The Last Stand [In The Name Of God],HD,6.232630083,23.8107124,8.493459919,6.940533772
Bliitzit - Team Magma & Aqua Leader Battle Theme (Unofficial) [Catastrophe],HD,6.413248499,16.33486617,7.146762547,6.931843717
Tatsh - Xevel [Extreme],NM,6.028566651,35.04332634,9.89448766,6.903088258
Reol - Asymmetry [captin's Extra],HD,5.968649924,22.32620669,7.821390656,6.902093195
u's - Korekara no Someday [Guy's Extra],HD,5.497953431,19.50260197,7.847906198,6.896509503
Angerfist - Knock Knock [I am the danger],NM,5.83623582,29.48799761,8.532529713,6.893251607
BLOOD STAIN CHILD - MOON LIGHT WAVE [Extra],NM,5.767635832,24.35983484,8.346689988,6.879369545
YOASOBI - Gunjou [Irreplaceable],NM,5.040896729,15.25429868,7.373053698,6.839398454
Jun.A - The Refrain of the Lovely Great War [SOLO],HDNF,5.36590485,53.13874551,11.90433267,6.835791153
Maneki Kecak - Atashi no Nokori Zenbu Ageru [Daydream],HD,6.552538753,22.77304131,7.753295491,6.816035883
Akatsuki Records - Trance Dance Anarchy [Don't Look Back],NM,6.843926228,19.91261844,7.483899404,6.776315861
THE ORAL CIGARETTES - Flower [Vagueness],NM,6.596428826,28.80605204,8.77510932,6.754169463
Hoshimachi Suisei - Ranbu no Melody (Cut Ver.) [Mugetsu],NM,6.209543838,28.45513269,8.415481779,6.746232419
THE ORAL CIGARETTES - ReI [Rain],NM,6.399174136,29.55684669,8.490404263,6.734990567
ryu5150 - Louder than steel [Onlybiscuit's Extra],NM,5.654679311,32.20125848,9.300873527,6.726930101
ZAQ - Caste Room [tomadoi & Karen's Ascension],NM,5.932821239,21.2988855,7.822166785,6.723401673
Neko Hacker - Kuishinbo Hacker feat. Kuishinbo Akachan [EX],HDNF,5.668591916,26.98661655,8.116012202,6.720137743
Ne Obliviscaris - Painters GAMMA [240 BPM],HD,6.571924215,93.02491794,23.84902381,6.719010391
THE ORAL CIGARETTES - 5150 [Expert],NM,6.1500094,25.22256847,7.962775454,6.715080846
Uesaka Sumire - EASY LOVE (TV Size) [TEASING MASTER],NM,6.081345601,21.49823094,7.422390041,6.698349652
xi - Blue Zenith (Cut Ver.) [A r M i N's Extreme],NM,6.060527165,36.32156404,9.845147104,6.68438969
THE ORAL CIGARETTES - GET BACK [Somewhere],NM,6.055971525,23.80315835,7.868033458,6.669845418
Kanpyohgo - Unmei no Dark Side -Rolling Gothic mix [FreeSongs' Rolling Hell],NM,6.564559821,33.44908125,9.517042122,6.666774483
Demetori - Hartmann no Youkai Shoujo ~ Todestrieb und Lebenstrieb [Extra Stage],NM,6.288398737,35.54468855,10.04459676,6.662885925
Hitomi Harada - Overdrive [Extra],NM,5.700060609,27.31561959,8.073019249,6.635689636
Seiryu - BLUE DRAGON [Kyshiro's Extra],NM,5.837044847,27.65976105,8.271576857,6.622653796
Renard - Dash Hopes 3 [300 BPM Madness!],NM,7.446936918,60.49937038,17.60595815,6.610324276
Panda Eyes & Teminite - Highscore [Game Over],NM,7.334755293,22.26204322,7.421720167,6.60686036
Kano - Sukisuki Zecchoushou [NiNo's Extra],NM,6.423914496,17.37277497,7.170451529,6.567583431
Various Artist - Oriental's Long Stream Practice & Training Maps 4 [BPM245 Invisible Frenzy],NM,6.309763467,139.3151377,36.28278839,6.541737218
Panda Eyes & Teminite - Immortal Flame (feat. Anna Yvette) [Eternal Blaze],NM,7.003500155,17.33330729,6.990092313,6.529030902
Ray - km/h (TV Size) [Kyuukai's Extreme],NM,6.197962717,24.48436932,7.565230705,6.52838182
TEARS OF TRAGEDY - Spring Memory [Satellite & ponbot's Bittersweet Memories],HD,5.331742975,24.50815014,7.632965575,6.502156778
Utsu-P feat. Kagamine Rin - Tokyo Teddy Bear [Extreme],NM,6.592121668,22.58462313,7.602509304,6.499704457
Utsu-P feat. Kagamine Rin - Tokyo Teddy Bear [Harupion's Extra],NM,6.113620655,27.9793573,8.298336681,6.474438192
inabakumori - Lost Umbrella [kusano's Extra],NM,5.205322522,17.44186794,7.230380288,6.468010722
THE ORAL CIGARETTES - ReI [Mir's Extra],NM,6.135169914,30.59230691,8.230952804,6.446095678
LiSA - confidence driver (Cut Ver.) [Expert],HD,6.161229549,19.18119559,6.987094887,6.444628079
"25-ji, Nightcord de. x Hatsune Miku - Jack Pot Sad Girl [Marionette Inside the Box]",NM,5.238657508,22.56078445,7.553612721,6.44255703
Suzuki Konomi - Realize (TV Size) [Grasp of the Undying],NM,6.303162442,18.00035612,6.900793445,6.421990247
AZKi - Fake.Fake.Fake [Collab Extra],NM,5.73294618,21.04312917,7.427021317,6.419177701
LiSA - Tsumibito [Desire],NM,6.214900176,21.55546443,7.339887578,6.401410629
Infected Mushroom - The Pretender [Pretender],NM,5.492186811,23.9583467,8.03133437,6.39857489
40mP feat. yuikonnu - Ame to Asphalt [Rain],NM,6.265702537,18.34810866,6.894499826,6.395259696
OxT - UNION (TV Size) [SSSS],NM,5.655973052,25.92744755,7.837056409,6.393691791
Ayane - FaV -F*** and Vanguard- [Happiness],NM,5.949963528,19.78441662,7.02858087,6.357199894
Mage - The Words I Never Said [Affliction],NM,5.507512183,59.58261311,13.1959984,6.343338021
TAROLIN feat. Katakiri Rekka - Cardinal Rave [Expert],HD,5.523466184,19.069204,7.280287448,6.314794329
Natsuiro Bikini no Prim - Nagisa no Koakuma Lovely~Radio [fanzhen's Expert],NM,5.321504901,29.36344616,8.065623695,6.289316558
"AliA - Kakurenbo [Ready, Set, Go!]",NM,6.097019424,20.73841039,7.104463365,6.284242042
"AliA - Kakurenbo [Ready, Set, Go!]",NM,6.097019424,20.73841039,7.104463365,6.284242042
96neko - Uso no Hibana [NiNo's Extra],NM,6.103744691,27.19534166,7.755661707,6.270972603
96neko - Uso no Hibana [NiNo's Extra],NM,6.103744691,27.19534166,7.755661707,6.270972603
Wakeshima Kanon - Tsukinami [Nostalgia],NM,6.146689429,22.84359639,7.176606246,6.269539283
pyrokinesis - absolutely black body [sssssssssssWs!],NM,5.935048588,21.0076632,6.979152252,6.264345744
Breathe Carolina & Sunstars - DYSYLM [Extra],NM,5.652702432,19.08058965,6.82680522,6.238918384
LeaF - Kyouki Ranbu [Extreme],HD,6.000805434,29.54679174,8.291142098,6.201999155
Xanthochroid - In Putris Stagnum [Neverending],NM,7.615721169,42.03219924,11.07967961,6.194680012
PSYQUI - Hype feat. Such [Phosphene],NM,5.48167044,24.33019678,8.563171268,6.178858864
THE ORAL CIGARETTES - Flower [Cataclysm],NM,6.270949032,21.96698776,7.373324732,6.166769305
positive MAD-crew - Mynarco [Extra],NM,5.517387813,34.66076245,8.929088769,6.162131197
The Winking Owl - Bloom [Blossom],NM,6.172472225,26.47061105,7.816689824,6.160916807
07th Expansion - rog-unlimitation [AngelHoney],HD,6.118307896,63.22457731,15.17333091,6.155940353
K A Z M A S A - Bon Appetit S (Oldskool HappyHardcore Remix) (Short Ver.) [blend s],NM,5.780178258,54.14884742,12.53180824,6.153097032
PassCode - Ray [Extreme],NM,6.287865116,20.92100331,7.051228848,6.122884173
DJ'TEKINA//SOMETHING - Internet bitch P*Light Remix [N/A Reboot],NM,5.932563265,25.2881732,7.78498751,6.120889693
"Aethral - It's Boss Time, dude [$$$$]",HD,5.55875591,23.05934211,7.598493236,6.104252039
Mimomo & Kotomugi - Invisible [HLW's Runpappa],NM,5.612910579,33.6720426,8.884767369,6.092984753
Demetori - Seijouki no Pierrot ~ The MadPiero Laughs [Stage 5],NM,6.255748069,45.25631108,11.12276287,6.085820173
yuikonnu - Heart no Atoaji [Sotarks' Emotions],NM,6.043173542,21.84001512,6.959212315,6.074176754
MYTH & ROID - Paradisus-Paradoxum [Curi's Extreme],NM,6.218864689,35.26376893,9.300645439,6.073646299
765 MILLION ALLSTARS - UNION!! [We are all MILLION!!],HD,6.250291569,21.12007584,6.974098751,6.059536867
Nakiri Ayame - KING [Cruelty],NM,5.247773036,18.69061609,6.81150119,6.058446744
toby fox - Last Goodbye [Determination],NM,5.771534023,19.73869501,6.635829208,6.040827245
toby fox - Last Goodbye [Determination],NM,5.771534023,19.73869501,6.635829208,6.040827245
Nanahoshi Kangengakudan - Rubik's Cube [Chaos's Expert],NM,5.464273408,67.41147495,14.8433882,6.036699951
Nanahoshi Kangengakudan - Rubik's Cube [Chaos's Expert],NM,5.464273408,67.41147495,14.8433882,6.036699951
44teru-k - F.I [Extra445],NM,5.111725551,48.84226105,12.29539124,6.026685482
44teru-k - F.I [Extra445],NM,5.111725551,48.84226105,12.29539124,6.026685482
TrySail - High Free Spirits -TV.Ver- [StarR's Extra],NM,6.018273298,21.21977921,6.735150467,6.008307448
TrySail - High Free Spirits -TV.Ver- [StarR's Extra],NM,6.018273298,21.21977921,6.735150467,6.008307448
cYsmix - triangles [Expert],NM,4.957406434,20.20576921,7.220500128,5.993308593
"otetsu - Minamo no Sakura, Yume wa Sakayume [NiNo's Extra]",HD,5.616417746,19.56170142,6.878033515,5.990792384
MOMOIRO CLOVER Z - SANTA SAN [1-2-SANTA],NM,6.317826037,17.02001742,6.406922803,5.988267911
nmk - sola [Extra],NM,5.696060152,36.88654899,9.274019818,5.972476951
Ikimonogakari - Blue Bird feat. k*chan [ dj-Jo Remix ] TV Size [Kirishima-'s Expert],NM,4.866308962,17.71576941,6.958110712,5.962530495
Gekidan Record feat. Nekomata Master - Houkou Orpheus [Expert],NM,4.946174059,32.44783258,8.475586782,5.89482333
Colors*Slash - Colors Power ni Omakasero! [Rainbows],NM,6.032605115,15.32405259,6.208970923,5.893000318
"Poppin'Party - Live Beyond!! [Let's Live, Smile, Run, and Shout!!]",NM,6.172393291,20.54094773,6.890733403,5.886804801
"Poppin'Party - Live Beyond!! [Let's Live, Smile, Run, and Shout!!]",NM,6.172393291,20.54094773,6.890733403,5.886804801
Power Of Nature - Shounen wa Sora o Tadoru [Special],NM,5.479451733,33.00805361,8.767982274,5.849439677
Ray - km/h (TV Size) [Gotta Go Fast!],NM,6.467316462,19.41749235,6.467555459,5.815823429
9mm Parabellum Bullet - Inferno [Tragic Death Extra],NM,6.143737898,36.71659288,9.573290399,5.799674127
Helblinde - Putin's Boner [Extra],NM,5.808594854,17.93804328,6.567869606,5.779530381
ShinRa-Bansho - Dramatic Hizakurige [adioni's Expert],NM,5.926606788,26.22675561,7.831223664,5.774435664
yuikonnu - Uchouten Vivace [Vivace!],NM,4.726463262,18.60301004,6.741284495,5.744220583
Mizuki Nana - STARTING NOW! (TV Size) [2D Supremacy],HD,5.607640485,27.24297446,7.458289415,5.7424975
yuikonnu - Yume Chizu [Another],NM,5.120760448,26.56697035,7.092314259,5.736372499
Fujiwara Chika (CV: Kohara Konomi) - Chikatto Chika Chika (TV Size) [Chika],NM,5.795931512,16.7353881,6.072526097,5.717543546
halca - Kokuhaku Bungee Jump [Sentimental Crisis],NM,5.912581053,22.91268533,6.895233712,5.717514824
96neko - Buriki no Dance [Delusion],NM,5.964545278,42.18523294,10.00563086,5.707111052
Imperial Circus Dead Decadence - Danzai No Honoo To Koibito-Tachi No Rondo [Piercing Pain],NM,5.440268916,37.09049095,9.317912927,5.702759827
Mrs. GREEN APPLE - Ao to Natsu [Reform's Summer],NM,6.137167592,18.0719225,6.275309906,5.689854564
Hoshimachi Suisei - phony [Sui-chan wa Kyou mo Kawaii!],NM,5.149536083,22.28591122,6.862099613,5.689099578
Inori Minase - Yume no Tsubomi [Promise],NM,5.997925103,21.69058332,6.679035562,5.684225719
kakichoco - Zan'ei [Illusion],NM,5.578497392,28.64180023,7.312327481,5.652438187
kakichoco - Zan'ei [Illusion],NM,5.578497392,28.64180023,7.312327481,5.652438187
Azusa Tadokoro - Koroaruki [Extra],NM,6.191279037,23.74455038,6.741120306,5.651270838
Inori Minase - Yume no Tsubomi [Promise],HD,5.997925103,21.21776202,6.559991371,5.623962115
nowisee - confusion [Mordred's Expert],NF,5.763954177,23.87067106,6.980708995,5.600626758
Shikai Yue - Telecaster B-boy [Free and Dead as a Bird],NM,5.256075821,21.51995802,6.571191225,5.55411256
Polyphia - O.D. [VINXIS' Extra],NM,5.433480826,23.9735047,7.490623598,5.552754691
Gary-lee Calvert - MC MENTAL @ HIS BEST [MC],NM,6.328815418,26.08598905,6.927983457,5.54343306
Ray - km/h (TV Size) [A r M i N's Extra],NM,5.891306546,19.77299393,6.264980236,5.520651053
Ice Nine Kills - IT Is The End [Mimari's Extra],NM,5.738198927,43.67557022,9.776784398,5.500561297
Kano - Dear Brave [Bravery],NM,6.021465304,20.46088681,6.304594206,5.491286032
Wakeshima Kanon - Not For Sale Fossil [Frail],HD,6.184569051,17.11361821,6.153991193,5.486935676
yuikonnu - Heart no Atoaji [Insane],NM,5.09544786,24.47698554,6.870871228,5.478117916
Yousei Teikoku - still alive [yami],NM,5.16850201,33.37411993,7.804949234,5.455874461
Camellia feat. Nanahira - finorza [Collab Another],NM,4.80792409,11.70851093,5.827064532,5.451237238
Heatbeat - Mortal Kombat [Mortal],NM,5.414827641,32.36590148,7.430313158,5.451046902
Yooh - snow storm -euphoria- [INFINITE],NM,5.372065958,34.07065077,8.583789446,5.447899637
Hoshimachi Suisei - GHOST [Meg's Extra],NM,5.622262635,25.47098217,7.159156898,5.418907106
Reol - Asymmetry [P A N's Extra],NM,5.488201046,23.2216767,6.566908418,5.411025136
AKINO from bless4 & CHiCO with HoneyWorks - MIIRO vs. Ai no Scenario [Tatoe],HD,5.98180005,17.73106174,6.073483406,5.406965477
Hikaru Station - My R [Letting Go],NM,6.519589397,25.43237815,6.798869328,5.403592719
Hanazono Tae (CV: Otsuka Sae) - Hanazono Denki Guitar!!! [Expert],NM,5.808798934,26.13689482,7.004360344,5.377629833
Minase Inori - Bokura wa Ima [Believe us],NM,6.401894539,21.67136947,6.553953328,5.377237353
Lil Mosey - Blueberry Faygo [Extreme],NM,5.980199237,12.91557896,5.565083684,5.361061599
KikuoHana - Desert Theater [Battle's Insane],HD,4.71153098,16.09070893,6.081776502,5.347378244
Caravan Palace - Lone Digger [Hayu's Hyper],NM,4.772402577,23.72545948,6.689116513,5.334500349
Super Chorogons - Maid with Dragons (TV Size) [Peaceful],NM,5.382329078,14.33298613,5.762558921,5.332703907
Noisia - Shellshock feat. Foreign Beggars [deetz's Insane],NM,4.77365055,27.89036732,7.241416204,5.308144736
Pratanallis feat. Tsuyuri Karin - Ren'ai Fantasy [Insane],HD,4.749169262,23.20010823,6.736100932,5.301622797
Nakamura Meiko - Core of Spark [Dash the Heart],NM,6.452988456,18.78230953,6.100355496,5.280915124
Tatsh - Xevel [Extra],HD,5.38187535,32.39962277,8.045440191,5.273640327
Project Grimoire - Caliburne ~Story of the Legendary sword~ [Extra],HD,5.812359431,24.44942057,6.917862465,5.271210301
Tech N9ne - Speedom (WWC2) (feat. Eminem & Krizz Kaliko) [Extreme],NM,5.856171287,23.1124253,6.664759062,5.267061874
Our Stolen Theory - United (L.A.O.S Remix) [Eternity],NM,5.936445306,25.70887544,7.032793788,5.251786992
Yamajet feat. Hiura Masako - Sunglow [Harmony],HD,6.246191308,15.79529646,5.627647402,5.251173998
Tatsh - Xevel [Extra],NM,5.38187535,33.45680936,8.236264395,5.243492985
Tatsh - Xevel [Extra],NM,5.38187535,33.45680936,8.236264395,5.243492985
Tatsh - Xevel [Extra],NM,5.38187535,33.45680936,8.236264395,5.243492985
DJ TOTTO feat. *spiLa* - illumina [expert*],NM,5.271949482,34.05941092,8.15309345,5.215878133
team Umifure - DEEP BLUE TOWN e Oide yo [Mir's Expert],NM,5.025260825,22.24022962,6.212034594,5.198773371
FROZEN QUALIA - Present [Petal],NM,5.681956022,19.49605756,6.00636651,5.17113586
Colors*Slash - Colors Power ni Omakasero! [Mitsuboshi Jump!],NM,6.152124002,14.05643806,5.422837099,5.164838604
Colors*Slash - Colors Power ni Omakasero! [Mitsuboshi Jump!],NM,6.152124002,14.05643806,5.422837099,5.164838604
Culprate - Beast (Vorso Remix) [JeZag's Insane],NM,4.603033369,20.62349026,6.654916668,5.163557191
KASAI HARCORES - TRIPLE PLAY [Triple Play],NM,5.595594541,26.43131603,7.667899923,5.15945215
Crywolf - Eyes Half Closed [Remap],NM,5.460696399,21.6966581,5.991832752,5.156224945
ZYTOKINE - Dancing Dollz feat. cold kiss - REDALiCE Remix [Extra],HD,5.378838081,21.28923169,6.188607574,5.155417524
MISATO - Necro Fantasia [Lunatic],NM,6.051965811,13.89316716,5.393189148,5.155241648
"Little Glee Monster - Dakara, Hitori ja Nai (TV Size) [Happiness]",NM,5.763313177,15.6782509,5.472353063,5.142995337
THE ORAL CIGARETTES - 5150 [Extra],NM,6.180439306,18.03249513,5.959898169,5.141351062
Mage - The Words I Never Said [Regret],NF,5.753690999,58.28352223,13.12464699,5.141248327
Mage - The Words I Never Said [Regret],NM,5.753690999,58.28352223,13.12464699,5.141248327
Mage - The Words I Never Said [Regret],NM,5.753690999,58.28352223,13.12464699,5.141248327
Nogizaka46 - Yubi Bouenkyou (TV Size) [Glaceon's Extra],NM,5.540147255,15.37754209,5.450935942,5.100431401
beatMARIO - Night of Knights [SOLO],FL,4.826753071,51.50262968,10.42096462,5.093745734
Kyary Pamyu Pamyu - Furisodation (DJ HKT's bootleg MIX) [Drunk on Love],NM,5.66107755,41.18093357,9.129052247,5.088450342
AKINO from bless4 - MIIRO [Miiro],NM,5.459550911,17.2520629,5.666184264,5.085745546
HyuN - Tokyo's Starlight [Collab Insane],HD,4.745607045,42.84133837,8.850220326,5.078064577
MISATO - Necro Fantasia [Lunatic],HD,6.051965811,13.62446035,5.279407599,5.055180077
fhana - little secret magic [HB's Expert],NM,5.508058755,15.91716304,5.481436777,5.019876517
Usada Pekora - Discommunication Alien [uwaaa],HDNF,4.75596346,29.38785346,6.878103444,4.974594581
Bentham - Chicago [Expert],NM,5.544854941,14.18544061,5.346389809,4.947687789
MASAKI (ZUNTATA) - Touhou Kijinretsu [ItsWinter's Insane],NM,4.859252415,26.84061473,6.97352257,4.937725678
Komiya Mao - (can you) understand me? [heh?],NM,5.30876709,19.00065059,5.540350422,4.88876544
fhana - little secret magic [Linada's Insane],NM,5.073052604,20.29975462,5.914719706,4.886712089
REDALiCE - Pekorap Tropical House Remix [Extra],NM,5.760897256,14.98821419,5.362992976,4.886086901
THE ORAL CIGARETTES - Miss Tail [Blackito's Expert],NM,4.963619913,25.15378964,6.557227801,4.884113103
Sangatsu no Phantasia - Pink Lemonade [Expert],NM,5.415587621,24.16907094,6.334048868,4.854304166
Brandy - Cross Time !! [captin's Extra],NM,4.96492587,29.35650029,7.106406753,4.848198521
t+pazolite - Party in the HOLLOWood feat. Nanahira [EXTreme],NM,5.777577224,19.65161379,6.034048535,4.812718623
REDALiCE - Great nano desu [Insane],NM,5.252775983,86.45344413,18.95717846,4.806946616
ShinRa-Bansho - Kakumei no bullet [UberFazz's Lunatic],NM,5.015295528,25.02899835,6.517955186,4.772076523
CHiCO with HoneyWorks - Kessen Spirit (TV Size) [Sotarks' Revolution],NM,6.223776017,20.48615345,5.739607196,4.766256278
xi - Ascension to Heaven [Extra],NM,5.638513605,49.666659,10.65415379,4.756961716
xi - Ascension to Heaven [Extra],NM,5.638513605,49.666659,10.65415379,4.756961716
Panda Eyes & Teminite - Highscore [Extra],NM,6.011725067,14.24896118,5.171931418,4.747280372
Avenged Sevenfold - Save Me [Tragedy],SD,6.099036951,19.53208078,5.689724192,4.744141707
MIMI feat. Hatsune Miku - Marshmary [Horizon],NM,5.491229107,17.7375192,5.30103216,4.707387713
SPYAIR - Sakura Mitsutsuki (TV Size) [Aurora],NM,5.734609884,17.39646836,5.444308383,4.694957086
Imperial Circus Dead Decadence - Shinbatsu o Tadori Kyoukotsu ni Itaru [Extra Collab],NM,5.593598812,19.8938732,6.049080885,4.625229735
IOSYS - Cirno Chirumiru [Insane],NM,4.863408665,40.17972751,8.177210857,4.624831058
Hana - Songs Compilation [Sakura],NM,5.482436578,16.02316896,5.311843141,4.617368874
MIMI feat. Hatsune Miku - Marshmary [Horizon],HD,5.491229107,17.35758908,5.176126441,4.612879324
Hana - Sakura no Uta [litoluna's Extra],HD,5.504154786,17.66368215,5.28182365,4.596219628
Tsukumo Sana - Astrogirl [BEEEG Galaxy],NM,4.883675147,22.47325778,5.932048771,4.556920194
HoneyWorks feat. sana - Ijiwaru na Deai [wkyik meets love],NM,5.135514831,22.4690333,5.679147583,4.546856902
Feint - Tower Of Heaven (You Are Slaves) [Extra],NM,5.087090002,55.27979644,11.35920296,4.538809693
Feint - Tower Of Heaven (You Are Slaves) [Extra],NM,5.087090002,55.27979644,11.35920296,4.538809693
Feint - Tower Of Heaven (You Are Slaves) [Extra],NM,5.087090002,55.27979644,11.35920296,4.538809693
HAG - Colorful [Nevo's Expert],NM,5.473918882,11.18106456,4.780733079,4.536229913
ClariS - SHIORI -TV size mix- [Extra],NM,5.300088198,16.64851471,5.350104974,4.534781912
Reol - Asymmetry [-Leadercela-'s Insane],NM,4.901138088,20.05060821,5.514785194,4.509324606
DJ Fresh - Gold Dust [Insane],HD,4.929929693,21.35018479,5.587903994,4.495248678
Kidd Tetoon feat. Diego Smith - Illuminati (Cut Ver.) [Secreto],NM,5.028900127,15.91088923,4.897253833,4.49131945
I love you Orchestra - Coconut Love [Expert],NM,5.542809901,20.94097271,5.745776651,4.491197869
DragonForce - Ashes of the Dawn [Insane],NM,4.740297909,26.19794672,6.298061192,4.452159912
OwataP - Turkish March - Owata \(^o^)/ [<Normal Mode>],NM,5.861852272,27.58986401,6.555215651,4.448762326
ZUN - Dark Side of Fate [Lunatic],NM,4.784486675,42.41489697,9.325801369,4.444446879
Draw the Emotional - Sad spring [Akitoshi's Expert],NM,5.5248549,29.30524334,6.926112657,4.43440964
Phao - 2 Phut Hon [2p51],NM,4.733015446,15.43273915,5.120048848,4.433554756
Touno Sakura - PRIZM/CIRCUiT [Lovely],NM,4.657795167,25.62838376,6.179496567,4.427913363
Shoji Meguro - Kimi no Kioku (Aethral Remix) [Remembrance],NM,5.258176656,19.02811588,5.555063443,4.392999573
RADWIMPS - Zen Zen Zense (movie ver.) [Extra: Taki],NM,5.437408369,15.8703233,4.979565613,4.378461914
HO-KAGO TEA TIME - Kira Kira Days (Cut Ver.) [Reform's Expert],NM,5.452532018,13.55274683,4.738496995,4.366901277
KINEMA106 - Fly Away [Extra],HD,5.591382606,15.46538767,4.869808321,4.362438525
The Koxx - A FOOL MOON NIGHT (SHORT VER.) [Insane],HD,4.140175009,21.70719276,5.231897907,4.359437227
yanaginagi x THE SIXTH LIE - LEVEL (TV Size) [Expert],NM,4.916578728,25.70959886,6.244391521,4.334044279
TrySail - Utsuroi (Short Ver.) [mnyui's Extra],NM,5.279954856,11.1759377,4.511827388,4.311192256
ALiCE'S EMOTiON - Dark Flight Dreamer [Shawajoy's Lunatic],NM,5.288097234,25.14785152,6.272583942,4.291751422
Ando Hirokazu - Gourmet Race [Expert],NM,4.79689737,17.84844492,5.135893101,4.291281397
HyuN - Infinity Heaven [Ad Infinitum],NM,4.783571013,37.32179524,8.052399607,4.290688415
Trivium - Down From The Sky [Heavensfall],HD,5.08222835,26.31300957,6.400351252,4.289713897
Kano - Stella-rium [Extra],NM,5.64566802,25.63373703,5.978561211,4.283668434
Machico - fantastic dreamer [Meg's Extra],NM,5.283468846,18.64128247,5.025326002,4.245788357
Hyadain - Chocobo [Gold],NM,4.729072448,29.10894375,6.07699774,4.241029531
kis-kis - ne uchi (Cut Ver.) [Reform's Expert],NM,5.444426882,12.78985595,4.537356505,4.238844948
Frederic - oddloop [queerish dances],NM,5.263776304,16.16875262,4.702375181,4.166209427
Three feat. Kagamine Len - Ego Rock [Extra],NM,5.043585025,15.80355204,4.856510248,4.151246429
ClariS - SHIORI -TV size mix- [Habi's Extra],NM,5.163784236,16.74595778,4.686442971,4.14370481
Ryu* - I'm so Happy [Extreme],NM,4.960661359,29.1414957,6.773905633,4.134150896
ClariS - Hitorigoto -TV MIX- [Xxdeathx's Insane],NM,4.94273125,17.64759848,4.793850195,4.132155
Porno Graffitti - THE DAY [Meyrink's Insane],NM,5.136562006,16.89814548,4.806195499,4.127921306
Yorushika - Hana ni Bourei [Phantom],NM,4.673647318,20.89871818,5.196698969,4.126464467
GYZE - HONESTY [HEART OF SORROW],NM,5.331063823,39.15057702,8.662927832,4.124958435
Bad Bunny - La Santa (feat. Daddy Yankee) [no te hagas tu eres igual],NM,4.759164951,18.91220464,4.87504048,4.107077713
DECO*27 - Streaming Heart feat. Hatsune Miku [Extra],NM,5.386261211,17.88469855,5.299293373,4.095728529
Adust Rain - psychology [Shiinoha's Insane],NM,4.289876002,24.14805073,5.838404408,4.094980403
LADYBABY - Nippon Manju [TheMefisto's Insane],HD,4.963502391,32.1506073,6.690313631,4.081200589
RADWIMPS - Yume Tourou [Insane: Taki],NM,4.80720022,21.87316348,5.301169482,4.068413682
Various Artist - Oriental's Long Stream Practice & Training Maps [BPM176 Hana Kagerou],NM,4.568090211,96.7685423,21.30257463,4.058225443
WALKUERE - Ikenai Borderline [Insane],NM,4.815547566,16.8510777,4.619626804,4.054213523
Gohma - Forward [Light Breakout],NM,5.207053174,12.95739274,4.394897529,4.046606138
Reol - No title [Insane],HD,4.724431734,20.79866873,5.121419851,4.004459112
MISSING HEART - MOONLIGHT SHADOW (New Vocal Version) [Heavy],HT,4.432036266,26.79035471,5.535065389,3.989967256
Demetori - Seijouki no Pierrot ~ The MadPiero Laughs [Lunatic],NM,4.902603704,23.96377669,5.672984875,3.983521095
Breaking Benjamin - Breath [Extra],NM,5.272865847,19.25428947,4.885890278,3.981423119
xi - Halcyon -Long Version- [Demigod],NM,5.314979143,25.09134434,6.002206671,3.978628185
Eve - Outsider [Extra],NM,5.174943068,18.66334599,4.782602057,3.977900927
Roselia - -HEROIC ADVENT- [-SHIZUKU'S EXPERT-],HD,5.379618956,20.95885092,5.057792155,3.971833849
Fujijo Seitokai Shikkou-bu - Best FriendS -TV Size- [Fycho's Insane],NM,4.899453178,20.82167813,4.876439951,3.970444467
Akatsuki Records x Liz Triangle - First Memory / Next Memory [Marathon],NM,5.320512305,14.73492315,4.542115041,3.965017111
S3RL - Pika Girl [Insane],NM,4.57261979,25.10644778,5.837962365,3.958850109
"Wizet, Nexon - Various BGM [Glacier Adventure]",HD,4.509083646,45.59354142,8.509406607,3.954843159
Mitsuki Kotono - Fuyu ni Saku Hana [Nostalgia],HD,5.449980409,18.27669558,4.691743573,3.951835377
An - artcore JINJA [Lunatic],NM,5.014191541,21.74013429,5.230765191,3.93908398
kalon. - Juubaku [VINXIS' Insane],NM,4.81922072,18.93541022,5.066372514,3.937241907
Baby's breath - Kusabi [Flame Haze's Insane],NM,4.776886248,22.39427209,5.225100748,3.929420347
THE ORAL CIGARETTES - Amy [Meg's Extra],NM,5.624847096,15.30746922,4.469646468,3.924335056
Hanatan - Airman ga Taosenai (SOUND HOLIC Ver.) [Insane],HD,4.893240826,31.36811983,6.908797969,3.922740728
supercell - Kimi no Shiranai Monogatari -TV Edit- [Insane],NM,4.69166567,19.29040053,4.779892281,3.899941419
EVO+ - [A]ddiction [Insane],NM,4.64287149,22.20173658,5.213504586,3.89809972
Sarah Connor - Cold As Ice (PH Electro Remix) (Nightcore Mix) [My Angel Kuki's Expert],NM,4.940866712,22.33258814,5.306098435,3.876248709
Imperial Circus Dead Decadence - Uta [Collab],NM,5.093824903,26.1674171,5.7747672,3.851244957
Imperial Circus Dead Decadence - Uta [Collab],NM,5.093824903,26.1674171,5.7747672,3.851244957
ELECTROCUTICA - Dependence Intension [AERIL'S INSANE],NM,4.50460107,15.58762621,4.652720818,3.847170608
Starset - My Demons [Survivability],HD,5.455327784,12.92583515,4.235762315,3.844724548
Sakamoto Maaya - Okaerinasai (tomatomerde Remix) [Collab],NM,4.654189034,20.44584141,4.864794933,3.805394597
Lana Del Rey - Dark Paradise [A Bitter Melody],NM,4.476755995,29.8488155,6.343303805,3.802148322
sweet ARMS - I swear (TV Size) [Yasai's Extra],NM,5.352418513,17.57038075,4.541005103,3.796801629
amazarashi - Kisetsu wa Tsugitsugi Shindeiku [Insane],HDSD,4.795324452,16.03724658,4.42675314,3.795446379
Seiryu - BLUE DRAGON [Fiery's Insane],NM,4.83871069,22.09596083,5.108443805,3.762441702
Inugami Korone & Nekomata Okayu - Hyadain's Jojo Yujo [Yuuma & Amateurre's Insane],NM,4.899620121,15.1553815,4.448568978,3.748946381
CloZee - Koto [CChu's Intense],HD,5.098392139,24.64783623,5.886609101,3.745290703
Meiko - Leave The Lights On (KROT Remix) [Insane],NM,4.06974258,20.56156748,4.885239902,3.733520152
Delta Heavy & MUZZ - Higher Ground (feat. Cammie Robinson) (Cut Ver.) [Reaching Out],NM,4.540894128,16.39973724,4.508275273,3.729569108
Mutsuhiko Izumi - Chinese Snowy Dance [Insane],NM,4.722981585,37.61891518,7.464784459,3.716440127
GHOSTEMANE - Mercury: Retrograde [Kalindraz's Insane],NM,4.458197193,17.89843026,4.577883198,3.704049974
Geri Halliwell - It's Raining Men [HP's Slip 'n Slide Mishap],NM,4.187495281,25.87555555,5.918972672,3.686333328
sweet ARMS - Trust in you (TV Size) [Another],NM,4.647580554,15.06062557,4.391512732,3.683989924
Lia - Bravely You (TV Size) [-Tochi's Insane],NM,4.623425115,18.74727478,4.54228778,3.683434076
TUYU - Songs Compilation [Sorrow],NM,5.095771097,20.83796151,4.965690173,3.681947167
goreshit - there are no angels here. [archangeloi.],NM,5.320569745,26.38103603,5.706415005,3.672481688
VINXIS - Sidetracked Day [Daydream],NM,5.40089956,30.90939521,6.939467808,3.662062068
Ye Mao - Red Sun In The Sky [Insane],NM,4.543203658,17.27644389,4.228447351,3.642089864
Yuyoyuppe - AiAe [Another],NM,4.705918789,34.49320208,6.726486472,3.635079127
the peggies - Ashiato (TV Size) [Aistre's Insane],NM,4.228402314,20.56579813,4.733610965,3.633993281
Oskar Schuster - Fjarlaegur (Cypix Remix) [Insane],NM,4.379244515,12.4919802,3.961116671,3.613310128
saradisk - 168 - 401 [Insane],NM,4.335289418,17.55385471,4.499004283,3.609588758
Fractal Dreamers - Gardens Under A Spring Sky [Hyper],HD,4.67013489,33.75440393,6.730657511,3.571071521
455-38B - G e n g a o z o - f o o n [Insane],HD,4.025744554,41.80952699,7.449883412,3.560971872
9mm Parabellum Bullet - Inferno [Agonizing Insane],NM,4.662439042,23.27513879,5.116121915,3.540061198
ke-ji feat. Nanahira - Ange du Blanc Pur [Insane],NM,4.679647825,23.87012007,5.481399774,3.537527326
DM DOKURO - SAVE (Encore) [Fatfan's Expert],NM,4.998148763,12.28669575,3.863307887,3.533232925
Araki - Teo [Sotarks' Insane],NM,4.564661314,17.8634971,4.830934672,3.514048945
UNDEAD CORPORATION - Yoru Naku Usagi wa Yume o Miru [Lunatic],NM,5.195631744,18.85234929,4.716901172,3.506993268
EVO+ - [A]ddiction [117's Insane],NM,4.153993926,23.63975254,4.850491615,3.503460823
AAAA vs. Morimori Atsushi - Xrocus [Insane],NM,4.650224941,23.47377228,5.364038848,3.497608525
Mrs. GREEN APPLE - Inferno (TV Size) [Fire Force],HD,4.713284816,17.23366722,4.323305474,3.468302919
HAG - Arrow [Firika's Insane],NM,4.406599083,21.54614859,4.77078181,3.463267117
mimimemeMIMI - Harebare Fanfare [Hazu's Insane],NM,4.427604693,11.98030564,3.703682057,3.454296865
YOASOBI - Love Letter [Please accept my overflowing emotions.],HD,4.41688205,13.13268329,4.019121047,3.448109007
LVTHER - Some Kind Of Magic (Feat. MYZICA) [Walao's Insane],HD,4.152145836,15.16810897,3.908781912,3.444870382
Kayano Ai - Oracion(TV-Size) [wkyik's Insane],NM,4.437269199,20.6630652,4.655390891,3.433460138
Starset - My Demons [Insane],NM,4.496890779,13.38475253,3.971962417,3.431838147
Toyama Nao - Gunjou Infinity [Abelia's Insane],NM,4.655378684,16.48687955,4.193002866,3.391745196
Camellia - Fastest Crash [Collab Insane],NM,4.733254404,18.80868585,4.634067705,3.373918617
Bladee - Hotel Breakfast [Good boyy],NM,3.984093776,18.40435804,4.152841891,3.373488882
BLACKPINK - Pink Venom [Taste That!],NM,4.652882638,15.47405641,4.065260785,3.366818416
kis-kis - ne uchi (Cut Ver.) [Insane],NM,4.365271552,11.48889709,3.727857116,3.366116024
OxT - Silent Solitude [Ipas' Insane],NM,4.103263524,16.74614852,4.206326378,3.362274979
Laur - Sound Chimera [Orthrus],HD,4.494444827,16.3149461,4.367203045,3.350280509
THE ORAL CIGARETTES - ReI [Suou's Insane ft. torriru],HD,4.641608644,24.30481651,5.1017357,3.346914557
Panda Eyes & Teminite - Immortal Flame (feat. Anna Yvette) [Insane],NM,4.253462188,16.29270897,4.210067396,3.345405377
Dark PHOENiX - Taketori Hishou [Extra],NM,5.049798086,24.08243698,5.259498309,3.345207101
Various Artist - Long Stream Practice Maps [Ai no Niwa BPM120],NF,3.294525119,73.98602452,14.19382811,3.33347561
technoplanet - Juvenile [Insane],NM,4.675072571,23.90502662,5.1393228,3.318551896
Foreground Eclipse - Storytellers [Lunatic],NM,4.586962021,17.41735232,4.284200931,3.278782834
Yooh - snow storm -euphoria- [EXHAUST],NM,4.796489524,27.2751575,5.743036814,3.265140318
Tomatsu Haruka - courage (TV Size) [NiNo's Insane],NM,4.297535369,12.04054084,3.705847337,3.26442134
Omoi - Snow Drive(01.23) [pk's Insane],NM,4.649038423,10.68365152,3.694115203,3.257544963
Hyadain - Megaman Mix [Marathon],FL,2.804549855,17.26438211,4.291890864,3.251248648
Hyadain - Hyadain's Jojo Yujo (TV Size) [Karaage's Insane!],NM,3.978816386,14.05039413,3.930642876,3.224712998
ayase rie - yuima-ru*world [Real's Insane],HD,4.350004994,21.13017717,4.639250848,3.218198019
"Wake Up, May'n! - One In A Billion [Rosiie's Insane]",NM,4.59351047,13.24210619,3.697879929,3.206975193
Riryka - Glass no Loneliness [Clear],HD,3.61772732,27.94961267,5.132295015,3.201453934
Within Temptation - The Unforgiving [Stairway to the Skies],FL,3.019800794,28.14781122,4.931017632,3.195429897
Within Temptation - The Unforgiving [Stairway to the Skies],FL,3.019800794,28.14781122,4.931017632,3.195429897
Krewella - Live for the Night (Nightstep Mix) [-Yuzuriha's Insane],HD,4.070018464,25.99459319,5.598882349,3.195398753
Feint - Tower Of Heaven (You Are Slaves) [Another],NM,4.392075877,38.47528787,6.873301996,3.182224327
Hyadain - Hyadain's Jojo Yujo (TV Size) [Hard!],NM,3.3212361,16.45011509,4.036596266,3.141222062
Seishun Buta Yarou Cast - Fukashigi no Karte [Uyamuya],NM,3.612963046,17.397433,3.952664557,3.110308289
ViViD - HIKARI (TV Size) [browiec's Insane],NM,4.495674136,10.33730788,3.447621022,3.105421428
Memme - Xiao Long Bao [Another],NM,4.409428387,26.19089879,4.954536664,3.095143732
Grant Kirkhope - King Sandybutt's Tomb [I    N    S    A    N    E],NF,4.402617735,18.71321618,4.260424413,3.087400882
HO-KAGO TEA TIME - Kira Kira Days [pkhg's Insane!!],NM,3.936885348,13.24579571,3.597832697,3.053163275
"storyteller(cosMo x GAiA) feat. IA, Kagamine Rin - Anti the EuphoriaHOLiC [Nowa's Insane]",NM,4.609224988,19.10071687,4.564888106,3.050860002
Bad Bunny x Mora - Una Vez (Cut Ver.) [PKHG'S HARD],NM,3.288630203,21.11180385,4.38859638,2.977469918
YOASOBI - Yoru ni Kakeru [Hard],NM,3.221890599,18.76670641,4.096897244,2.972826551
"Ben and Ben - Kathang Isip [Burst damage or damage over time, it's still the same when you let go.]",NM,3.361084182,16.34774892,4.042237669,2.959858699
Down - Ekoro [Light Insane],NM,3.91297766,17.02721055,4.023057308,2.934041674
Linked Horizon - Guren no Yumiya (TV Size) [Insane],NM,4.083471159,17.34245763,4.038501035,2.911427499
Mizuki Nana - STARTING NOW! [Nowa's Hyper],NM,3.901687409,13.53277022,3.685298851,2.871649833
TRUE - Soundscape [Waji's Hard],NM,3.34918315,15.5524004,3.641492309,2.82108374
S3RL - I'll See You Again (feat. Chi Chi) [Hard],NM,3.28485386,16.46373517,3.579207301,2.769582547
Sonny Shimoda & Shoebill - Relapped Foxification [Moderately Renarded],NM,2.973154777,20.08341778,3.906953487,2.762188805
Syoko Hoshi (CV: Satsumi Matsuda) - Zettai Tokken Shuchou Shimasu! Hoshi Syoko Solo Remix [Yuria's Insane],HD,4.019959841,9.10439225,3.088600141,2.692043883
Ricky Montgomery - Cabo [Hard],NM,3.021475372,19.33174558,3.925340034,2.689254505
Yuma Mizonokuchi feat. Ai Ohsera - Princess Lily [Hard],NM,3.600707308,13.64096879,3.3771014,2.669044876
BTS - IDOL [Collab Hard],NM,3.11964844,20.55884988,3.857928274,2.61335983
Knife Party & Tom Morello - Battle Sirens (RIOT Remix) [Djulus' Hyper],NM,3.542634957,11.70767565,3.016203999,2.441832723
