beatmap_name,mods,stars,pp_SS
DM DOKURO - SAVE (Encore) [browiec & Kuki's Insane],NM,4.246731298544543,20.617065486205437
positive MAD-crew - Mynarco [Withdrawals],HD,6.017462027694994,42.49132626709703
Various Artists - Sword Art Online Compilation [Full Dive],NM,5.480355871736565,25.693027279033835
fhana - Hello!My World!! [Insane],DT,4.315203074207506,24.525564415698497
Serenity - Lionheart [Extreme],NM,6.442489525638989,52.18207288293141
Getter Jaani - Rockefeller Street (Nightcore Mix) [MiracleE's Insane],HDNC,4.337952256360529,29.88767811303061
PSYQUI - Education [class is now in session.],HRNF,5.6432771056966935,30.46649328551991
SpaceRonin7 - Blue Bird [AOI AOI],HDHR,4.224944765268504,18.61479374335022
Will Stetson - Super Driver [Rolniczy's Extra],NM,5.572005953366661,26.479821311355394
Equilibrium - Waldschrein [Mein Land],NM,5.896995235581395,29.110749296864856
Seiryu - BLUE DRAGON [Kyshiro's Extra],NM,5.83704484707237,34.780116822558696
KASAI HARCORES - Cycle Hit [Home Run],NM,5.746726771457218,30.042638430834565
Kero Kero Bonito - Flamingo (WTN3 Remix) [Multi Color],NM,5.948608531482801,25.129148785713426
LiSA - Catch the Moment -Radio Edit ver.- [Lami's Extra],NM,6.035236324712207,28.35135952947268
Sound piercer feat. DAZBEE - Hanatachi ni Kibou o (2020 Remaster) [Log Off PikA's Insane],DT,4.499663598806185,26.963742311086754
Mitsukiyo - Unwelcome School [Cleaning & Clearing],NM,5.920501397153137,40.977026765267595
Kotoha - God-ish [Insane],NM,4.255697764612188,29.79476917061445
THE ORAL CIGARETTES - Mou Ii kai? [NiVo's Extra],HDNC,5.837338829344761,42.42359636439149
ryu5150 - Louder than steel [Onlybiscuit's Extra],NM,5.6546793108430045,39.46197407738582
POSHLAYA MOLLY - SHKOLA NE NUZHNA [Eiji's High School],NM,5.082916653674005,29.979769281794926
Yoshioka Kiyoe - DEKOBOKO (TV Size) [SupaV's Insane],NM,4.683305479074203,22.88863885244737
DJ Okawari - Flower Dance (Short Ver.) [Dance AR9.5],NM,6.013273900169961,38.399602250019925
DM DOKURO - SAVE (Encore) [Reform's Extra],DT,5.341759163776295,23.640298411538392
DECO*27 - Ghost Rule [N a s y a's Extra],NM,6.905636142080234,28.90197868339834
Ata - Euphoria [Ultimate Power],NM,8.459031951547505,45.882184597857886
Katagiri - Ch3rry [Zeeb gaming's Sakuranbo],NM,5.969467203414102,28.66934353569058
succducc - me & u [alphabet's hard],HDDT,3.3875808159260163,20.165110022304503
Team Nekokan - Can't Defeat Airman [Holy Shit! It's Airman!!],NM,7.028291067000708,35.862313112322184
Imperial Circus Dead Decadence - Chinurareta Shuren ni Fukeru Houmura [Desolate],NM,6.187651012583773,35.06333009385473
KISIDA KYODAN & THE AKEBOSI ROCKETS - Yume wa Jikuu o Koete [Phantasmagoria],HDDT,5.71416223533741,26.58724012332282
HitoshizukuP x Yama - Crazy nighT [Crazy],HD,5.532318688439034,24.265777869460027
CORO MACHIKADO - YOIKAGEN TETRAGON (TV Size) [pnky's Hard],HDHRFLSD,3.648867885556932,23.99429633075117
Uehara Ayumu (CV: Onishi Aguri) - Say Good-Bye Namida [1-2 Namida],NM,6.165440614960049,28.141813062729042
BABYMETAL - Gimme chocolate!! [EXPERT!!],HR,6.039364216990474,29.11724831067663
Hisatomi - Lullaby(uet Remix) [Insane],HD,6.528724113354898,26.336182056793977
ViViD - HIKARI (TV Size) [browiec's Wisdom],NM,6.319101905663862,24.373838295054522
YOASOBI - Yoru ni Kakeru [Moonlight Shadow],HDHR,5.993552100289951,32.55131559759889
"Ayane, Ruka, Rie / Karen from BEST FRIENDS! - In bloom [Dreams]",NM,5.669993739061391,33.50147064200826
Tadokoro Azusa - Storyteller [Reform's Extra],HR,5.403119855167083,30.258858455704218
DystopiaGround - AugoEidEs [oyasumi],NM,7.221914157087275,29.247182722227635
Feint - Tower Of Heaven (You Are Slaves) [Hyper],HDDT,3.759085963444364,27.606075231502437
VINXIS - Sidetracked Day [Daydream],DT,5.400899560324568,32.911314254487394
C-Show - On the FM [Unlimit's Extra],HDHR,5.308745950747046,25.2473070315571
*namirin - Koi no Hime Hime Pettanko [Extra],NM,5.359050959395376,31.323802324744022
Metrik - Freefall VIP (feat. Reija Lee) [Exote's Light Insane],HDDT,4.41848892921732,27.154877432742406
Hommarju feat. Latte - masterpiece [Insane],EZ,4.687747321591836,29.04741239070292
"Imperial Circus Dead Decadence - Yomi yori Kikoyu, Koukoku no Tou to Honoo no Shoujo. [Reverberation]",NM,6.8099895259797405,28.662170175935447
Camellia - ATTACK FROM MANDRAKE [PANTS WRESTLING],NM,5.557593055844411,31.734747371258987
Kraken - Do it!! Do it!! [rustbell's AnotheR],HD,6.515188007079337,31.523416192107362
ZUN - Heian no Alien [defiance's Lunatic],DT,4.676600684118372,25.710326893851608
Imperial Circus Dead Decadence - Gekiai No Yobigoe Ga Dekiai No Sakebigoe Wo Kurau [Blindness and Tragedy],NM,7.648207164150497,38.23517684306654
Luze - HERA (LONG Version) [Parthenos],NM,6.525113582596728,37.79712860995332
3 Nen E Gumi Utatan - Jiriki Hongan Revolution (TV Size) [Target On!],NM,5.319385999201046,27.450426815196778
kakichoco - Zan'ei [Illusion],NM,5.578497392458393,35.76695016070414
Helblinde - C204 [#BLAMEPACEMAKER2k15],NM,7.817590918459443,29.319997809762892
Stonebank - Stronger (feat. EMEL) [Mao x Sotarks' Power],NM,5.135665488832015,27.682603811505917
Various Artists - Square Jump Practice Maps [200BPM t+pazolite_cheatreal GO TO HELL  AR10],HDNF,7.305213252399627,38.6544515269231
Kawada Mami - Wings of Courage -Sora o Koete- [Insane],DT,4.400260765754614,29.964965426250526
TwoThirds & Feint - Epiphany (feat. Veela) [Revelation],HDHR,5.473592183693293,38.51573723671811
Mindless Self Indulgence - 3 S' [Normal],NM,2.533505895834605,22.568757975214474
yuikonnu & CHiCO with HoneyWorks - Ai no Scenario [Insane],NM,4.927994926283095,26.431568423113543
Kano - Walk This Way! [Ultra],NM,8.030921658212621,25.025277508773186
Wolpis Kater - Oxalis [Wizllia],NM,8.693475076908474,32.29295053370087
Chikamori Kayako - Kigurumi Sungeki [Djulus' Insane],HD,4.348017216824144,28.1210790580586
DragonForce - Symphony of the Night [Legend],NM,6.138725592674422,50.879784548236245
MC Mental - MC Mental at His Best [Extra],NM,5.674897889272534,38.03738243777909
xi - Blue Zenith [ktgster's Extreme],NM,6.483744819739866,51.91308649475674
Serenity - Lionheart [Expert],NF,5.709619029031604,51.261969692533626
Yuaru - Asu no Yozora Shoukaihan [Sky Arrow],NM,6.124863922830319,35.372275792237836
Will Stetson - First Storm -Japanese Version- [thanks for singing Brother],HD,6.647249763373151,41.2153790264936
Raphlesia & BilliumMoto - My Love [Our Love],NM,5.891769877652779,31.922801684086117
S3RL - Bass Slut (Original Mix) [Taeyang's Trashy Extreme],NM,5.877945424981087,23.29197057663103
-45 - Shoujo-tachi no Majogari [Accusation],HD,5.000479423073902,34.46721565404211
DragonForce - My Heart Will Go On [Extra],NF,6.613374367266372,52.827620584229564
Camellia - Wolves Standing Towards Enemies [Insane],NM,4.834836075556974,31.730158610877705
nonet - Now On Stage!! [Let's Dance!!],HDDT,5.6917212190538455,25.38879076364501
Miraie - Gucci Gucci Literature Club's Not Hot (ft. Monika) [Ultimate Cancer],NM,7.646767982310301,29.983339710294906
PUP - DVP [debug],NM,7.399657408291427,24.201207328560226
Teminite & MDK - Space Invaders [Evgerable's Ultimate Massacre],NM,7.049565047901465,21.692121103388402
Kaneko Chiharu - Lachryma<Re:Queen'M> [Alheak's INFINITE],NM,6.406629255893823,33.18557991107497
bbno$ & Rich Brian - edamame [thexo's insane],HDNFV2,4.206387407114706,26.396419266721416
Taio Cruz - Telling The World [Insane],DT,3.8733458251768047,23.013707420402657
katagiri - Sendan Life (katagiri Bootleg) [Restore the World],HR,8.916359187483026,31.285513254308945
S3RL - Bass Slut (Original Mix) [Reform's Filthy Expert],HD,5.296457514911882,24.56043490500126
DJ Okawari - Flower Dance (Short Ver.) [Dance],DT,6.01327390016996,38.41578296767582
Laur - Sound Chimera [KoToreley's Echidna],NM,6.076582415183047,26.08953303639058
Masayuki Suzuki - DADDY ! DADDY ! DO ! feat. Airi Suzuki (TV Size) [MOMMY !],HDDT,4.518814981336482,22.05382687085765
DM DOKURO - SAVE (Encore) [Reform's Extra],NM,5.341759163776295,23.63627727096523
Yooh - snow storm -euphoria- [INFINITE],NM,5.3720659580351535,40.3663737366186
Boney.M - Ra Ra Rasputin [Chronological Nightmare],NM,5.334168902426897,41.21493500463457
Batashi - Smag Slow [starry night sky],NM,6.201801157521333,32.0088487730941
"Imperial Circus Dead Decadence - Fusyoku ressentiment, fushiyoku no sarugakuza. [Edgy Difficulty Name]",NF,8.328212143746835,27.016229910714156
"Imperial Circus Dead Decadence - Yomi yori Kikoyu, Koukoku no Tou to Honoo no Shoujo. [Kurushimi]",HDNF,8.22540175961293,43.111976103434316
midwxst - Smile (feat. glaive) [Emotions],HR,5.987215596903355,30.71136669869159
KanoeRana - 1/2 [aishiteru],NM,7.312078548016142,27.561067829349646
dj TAKA - quaver [Crescendo],NM,7.40396080790833,34.24052361291011
MisoilePunch ~Takenoko Soe~ - Staring at star [Etoile light],HTNF,10.276371185459762,41.050718261004604
Camellia - Z:iRNiTRA [X:tREmE],NM,7.935765044293994,40.40693119945155
IOSYS - Boukyaku no Ame [Lunatic],HDDT,4.097534359942385,28.56768846153461
VINXIS - Sidetracked Day [Infinity Inside],NM,6.826959658616813,34.33058137683908
GALNERYUS - RAISE MY SWORD [A THOUSAND FLAMES],NM,7.509694592036785,49.58254851807678
Niji no Conquistador - Zutto Summer de Koishiteru [Summer Love],NM,7.996370516374573,29.33405509983986
That Poppy - Altar [GranD's Ashi],NM,9.326506949193584,33.37560374463493
Camellia ft. Yukacco - Be Wild [Wild Eagle],NM,5.36499384296952,26.68757838732771
Bu Shi Hua Huo Ya - Yun Luo [moonlightleaf's Hard],HDDTFL,2.882009559502131,19.644008691477246
Shoji Meguro - Kimi no Kioku (Aethral Remix) [Remembrance],HD,5.25817665559076,26.297891126955285
xi - Ascension to Heaven [Death],NM,5.783213790269681,60.648367196062196
ATL - Magic people [Maruoko's Extra],NM,5.714078260435611,23.265674776480175
Hanasaka Yui (CV: M.A.O) - Harumachi Clover (NAGI vs 14 Remix) [Naorumirchi Clover],HD,5.709726900299982,37.43596171298575
GLORYHAMMER - Rise Of The Chaos Wizards [Massive Legend],NF,5.354980863735075,49.441061125613366
Hana - Shuumatsu no Bishou [Through the Looking Glass],DT,4.972727140130239,35.30332203080616
Fleshgod Apocalypse - The Deceit / The Violation [pishi's Extra],NM,6.693916634467275,40.52750250982206
Xanthochroid - In Putris Stagnum [Neverending],EZ,7.615721168663508,37.5293278879953
Inferi - Those Who from the Heavens Came [Fengshen Yanyi],HTNF,7.720248693624475,39.13289343218851
Carly Rae Jepsen - I Really Like You [Insane],NM,3.701861448716679,21.565031321345348
DJ Okawari - Flower Dance (Short Ver.) [Auto],NM,7.007442250821903,32.25399416864413
xi - Ascension to Heaven [Extra],NM,5.638513605330002,47.148336328362944
yanaginagi - Haru Modoki [Spring],HD,5.039601639561471,28.744703713498755
Sirius Chord - Drastic Melody (Game Ver.) [dahkjdas' MASTER+],NM,5.975413990920878,29.46775632096543
Kondo Koji - Slider [64 DIMENSIONS],HR,6.984579506030912,45.768528512459234
Project Grimoire - Excalibur ~Revived resolution~ [LEGENDARY SWORD],HDHR,6.3648665390381485,50.12653606106017
04 Limited Sazabys - Squall [Expert],HD,6.111866165293201,38.76651701631341
At the Garret x Kekkan Orgel - Kanojo Kaku Katariki [Eloquence],NM,5.59572945119289,27.766147548931457
EMILIA (CV: Rie Takahashi) | Jun Kuroda - Stay Alive (Jun Kuroda Bootleg Remix) [Alone in the Absence of Light],NM,5.853188647390044,34.248155079422546
LIDA x FRIK PATI - Emo Hardcore [Log Off Now's Another],NM,4.8649204749519255,32.53451046118688
Wagakki Band - Tengaku [Uncompressed Fury of a Raging Japanese God],NF,7.812080742335351,36.607543408547805
supercell - Kimi no Shiranai Monogatari [Celestial],DT,4.972125932535376,31.600776669974422
Wakeshima Kanon - Tsukinami [Nostalgia],HD,6.14668942876174,31.318990141668365
Nekomata Master feat. Shimotsuki Haruka - Element of SPADA [Another],DT,4.053565643873653,24.026480598592002
SCREEN mode - Reason Living (TV Size) [Nevo's Insane],NM,4.7796250038465065,31.447601512036137
YUC'e - Future Candy [Hard],NM,3.30008314700974,20.157860307392582
Geri Halliwell - It's Raining Men [Kuki's Got News For You!],NM,7.22170888409541,36.8850447916229
Petit Rabbit's - No Poi! [Rabbit House],HDDT,4.588067586520683,31.558419430966946
Demetori - Solar Sect of Mystic Wisdom ~ Nuclear Fusion [Lunatic],NM,4.683427852650761,32.69841772691351
Ryu* - Sakura Mirage (STARLiGHT Mix) [Azzedd's Extra],NM,5.783904890861478,39.14039364229161
Sirius Chord - Drastic Melody (Game Ver.) [dahkjdas' MASTER+],NM,5.975413990920878,29.46775632096543
"AliA - Kakurenbo [Ready, Set, Go!]",NM,6.0970194244842,29.671155681594023
DUSTCELL - STIGMA [EX],NM,6.130778031265126,34.93561010589788
umu. - humanly [MirashMyMommy Collab],NM,7.189572837494032,36.032072450577644
mimimemeMIMI - Harebare Fanfare [Hazu's Insane],HDDT,4.427604692807332,23.703000335732987
halca - Sentimental Crisis (TV Size) [<3],NM,4.902057387396038,33.57169078904363
Memme - Plasma Gun [Extreme],EZHD,6.457730435923303,42.53273938939425
ThreeA - Attack of the Pinoy Pride [jrcis08's Insane],NF,5.634397068942974,26.102972087096298
sabi - true DJ MAG top ranker's song Zenpen (katagiri Remix) [KEMOMIMI EDM SQUAD],NM,6.813508032522623,31.669269513889773
Tatsh - IMAGE -MATERIAL- <Version 0> [Scorpiour],NM,7.01676916498078,29.77130230132998
Chikamori Kayako - Kigurumi Sungeki [La~ La La ~~ La La La. La. La.],HD,7.796994437900775,32.29277004966866
Caravan Palace - Plume [I'll take you to the sun],NM,6.172067474591736,30.95335587214297
SPYAIR - I'M A BELIEVER [Xexxar's Extreme],NM,6.292026619665662,28.73301160259568
"Mori Calliope - Excuse My Rudeness, But Could You Please RIP (ReeK's ""Dude Whats A Genre"" Remix) [Yarisugimashita!]",NM,7.863488724198002,36.58438774209458
"$44,000 - PISSCORD [Mel's Extra]",HDHR,5.095568199567025,20.088306107624433
Shikata Akiko - TETHE'ALLA ~Tai no Kodomotachi~ [ROTA'ERC ~Okenimu~],HD,5.343016121826221,18.441078649909112
PassCode - It's you [Koldturi's Insane],DT,4.996839590642439,24.220366940818508
Celldweller - I Can't Wait [Impatient],HD,5.645471320565164,35.72511366230102
Apocalyptica - Reign of Fear [III],NM,5.300799868145845,39.26437037727705
"Inori Minase - Massugu ni, Toumei ni. [sanairrt's Insane]",HD,4.464257457985716,31.555460707999366
Rib - Akaito [Inseparable],EZHDDT,4.999994246511348,27.426988054737528
TRUE - Soundscape [Meg's Extra],NM,6.261709992036154,31.22414697182796
Memme - Plasma Gun [Extreme],NM,6.457730435923303,42.43709182291651
Wonderlands x Showtime - TONDEMO-WONDERZ [Frey's EXPERT],HDDT,4.219304292634998,28.311231911066677
96neko - Uso no Hibana [A r M i N's Ultra],HD,5.841843133303392,33.53808598232316
Machico - Million Smile [RepL4y's Insane],NM,4.690062682821883,29.662798853832626
Aqours - MIRACLE WAVE (TV Size) [Dekiru kana?],NM,5.424368252503456,30.46720273430204
Yuyoyuppe - AiAe [Expert],NM,5.283322565058983,40.26726265130219
positive MAD-crew - Mynarco [Extra],HD,5.5173878131160485,42.02044216228029
ZUTOMAYO - Kan Saete Kuyashiiwa [geragera],HD,5.738488799279255,30.103105859885574
Colors*Slash - Colors Power ni Omakasero! [Rainbows],NM,6.032605115110572,25.647032344567258
Lady Gaga - Applause [Hands in the Air],DT,3.5669351040882,19.229760320329504
THE ORAL CIGARETTES - Mou Ii kai? [A r M i N's Extreme],NM,6.237879963387526,32.04979289138285
SAMString - Shifting Clouds [Expert],NM,5.066933226167214,37.25519475004744
Will Stetson - Snow Halation (feat. BeasttrollMC) [Gift],HDDT,5.892837826269012,27.071012671309063
Vektor - Tetrastructural Minds [Dissonant Existence],NM,6.481429777943849,34.563525813579005
YURiKA - MIND CONDUCTOR (TV Size) [Sotarks' Magical Instinct],NM,5.98774994616202,26.085643200683457
Seeed - Ding [Deramok's Hidden Extra],DTNF,4.253610392726175,32.80654420639269
OwataP - Turkish March - Owata \(^o^)/ [<Normal Mode> 200BPM],NM,6.498196889307371,34.63445757104202
lapix - Roll The Dice [LET'S GO!],HDHR,5.473132428998889,34.83236146465178
MY FIRST STORY - Home [Insane],NM,4.536400938958592,32.02601686982593
"Unlucky Morpheus - Sono Tamashii ni Yasuragi o ~ Dignity of Spirit [Resting Soul, Blooming Sakura]",NM,6.110098147820064,42.703525393686846
Poppin'Party - Double Rainbow [Spectrum],NM,6.705397067468656,34.72168600189515
Set It Off - I'll Sleep When I'm Dead [spoes' Insomnia],NM,5.713487755039042,26.939284143070903
LiSA - ROCK-mode [Insane],HDDT,4.753683108572268,26.136638785480876
"CHiCO with HoneyWorks - Watashi, Idol Sengen [Onlybiscuit's Extra]",HR,5.542870057339143,28.520403454528804
toby fox + RichaadEB - MEGALOVANIA ~Dual Mix~ [Ultra],NM,7.011597756305714,35.39956392287672
Sound piercer feat. DAZBEE - Hanatachi ni Kibou o [Wish],NM,6.569796150795855,33.675302354698346
t+pazolite - Call me it. (500 Tortures) [Another],NM,5.252497109010482,28.874424137193774
goreshit - Satori De Pon! [Gezocore 2.5],NM,6.509279142992327,37.22665259642277
SHIKI - Pure Ruby [Another],NM,5.514841362501688,52.13332243346731
"K/DA - POP/STARS (ft. Madison Beer, (G)I-DLE, Jaira Burns) [Hard]",NM,3.0842653789106884,18.512468714662624
Kelemen Kabatban - Maradjatok Gyerekek feat. Ecku [Triangle],NM,6.201205558979124,38.050564113814175
THE ORAL CIGARETTES - Kyouran Hey Kids!! [apple's Hard],NM,3.5807888186837804,19.173583629343273
LIQU@. - Yotogibanashi no Kamikakushi [Miryokuteki na Shijuu Kekkai],NM,6.717516484887564,47.40271367422797
yuikonnu - caramel heaven [Skystar's Caramel],NM,6.664374096229743,35.115022789123884
Aqua - Barbie girl [collab ft saggi uwu],HD,9.930790577053653,30.099140143203776
Fleshgod Apocalypse - Mitra [Shru's Divinity],NF,8.136131832401766,50.51263889057623
Aimer - Zankyo Sanka (TV Size) [Yumerios' Hard],HDDTHR,3.356216152756588,21.661362300418055
LiSA - ROCK-mode [Kuki's Expert],NM,5.281370869806369,27.11566638301948
xi - Ascension to Heaven [Extra],HDDT,5.638513605330002,47.11463449461263
96neko - Uso no Hibana [Collab Insane],HD,4.839868286359718,29.347020279310637
xi - over the top [Extra],NM,6.21010721534049,41.58480923033184
Avenged Sevenfold - Save Me [Tragedy],NM,6.099036951036571,29.024223590444905
Meiko - Leave The Lights On (KROT Remix) [Insane],NM,4.30513647619672,32.289448679055646
Oomori Seiko - JUSTadICE (TV Size) [Extreme],HDDT,6.339103074862413,25.262590371098987
yuikonnu - Heart no Atoaji [Sotarks' Emotions],NM,6.043173541575692,29.966187756933806
HOYO-MiX - Termination of Desires [Musou no Hitotachi],HD,5.249402745303337,26.011534959964735
The Koxx - A FOOL MOON NIGHT (SHORT VER.) [Extreme],NFV2,6.544601123369281,29.915738012347013
Lil Peep - Save That Shit [Hard],DTSD,2.9479936286051505,35.26845031406606
Akatsuki Records - Trance Dance Anarchy [Dancing!],HDDT,5.769530490804696,36.60343585584793
Akiyama Uni - Kaoru Juyouka [Musk Sprout],NM,5.785399708112689,52.49658140578185
Imperial Circus Dead Decadence - FUBUKI [Tranquility],NM,7.131365595166249,35.33871520192895
TWICE - What is Love? [I Wanna Know!],NM,4.502028074171126,32.310264653838864
Wotamin - Gigantic O.T.N [S.S],NM,5.7757660915743365,45.92580692832576
Babalos - Snow Crystal 185 [OLD Crystalphoria],NM,7.128940580442687,39.0138273444135
Katagiri - RAINBOW GIRL (katagiri Remix) [Save the World],NM,7.528313701638098,30.641797202096484
Sephid - Epistrofi [Expert],EZ,5.565685746513785,30.628369296470698
DragonForce - Through the Fire and Flames [Myth],NM,6.018916123081363,36.25807415381817
FELT - New World [Illusion],NM,6.022142941786834,35.80816824715733
Linkin Park - Breaking The Habit [turbo kolab],NM,7.643965385720611,30.889617825849335
DragonForce - My Heart Will Go On [Insane],NM,5.036140805540047,33.3760015066927
EPICA - Wings of Freedom [Victoria],NM,4.90329284694119,38.43633897347377
ARForest - Altros [Taeyang's Extra],HD,6.533315580448777,36.22779579575479
TUYU - Doro no Bunzai de Watashi dake no Taisetsu o Ubaouda nante [Shallowness],HDNF,7.231712971328948,28.207220789839134
Erehamonika remixed by kors k - Der Wald (Kors K Remix) [fuckface],NM,7.127819146069116,45.08998687408245
Green Day - Bang Bang [Mommy's Little Soldier],NM,7.711670111221021,28.18663478755934
THE ORAL CIGARETTES - ReI [Suou's Insane ft. torriru],NM,4.641608643857884,31.602584720114358
Wakeshima Kanon - Tsukinami [Nostalgia],DT,6.14668942876174,31.35379717525555
a_hisa - Alexithymia | Lupinus | Tokei no Heya to Seishin Sekai [Chronostasis],NM,5.52339448802406,30.75690133276604
Official HIGE DANdism - Mixed Nuts (TV Size) [CODE_NAME:THORN_PRINCESS],NM,5.989166975092065,32.86416105540554
Caramell - Caramelldansen (Ryu* Remix) (Nightcore Mix) [Collab],NM,5.4761050122910815,39.33728929860241
KISIDA KYODAN & THE AKEBOSI ROCKETS - Shitteru? Madousho wa Donki ni mo Naru no yo [shitteru?],HDPF,6.414647083165329,30.241658101182257
Fleshgod Apocalypse - The Violation [pishi's Extra],NF,6.637892041289769,39.5988278672583
Kevin Sherwood - Archangel [Deadly Angel],DT,6.830417723065915,46.38549001344269
Ayalis - Ai o Chikaishi Hime Kazari [captin's Extra],HDHR,6.32403255360135,33.32933476116372
Mikami Shiori - Shiawase Gift [Akariiin!],HD,4.884525312251652,32.32534012241818
Adust Rain - psychology [Subconscious],NM,7.801116585919328,32.37704810559593
Yooh - Ice Angel [Saint],HDHR,5.498326216885736,52.97790222418708
GYZE - HONESTY [DISHONEST],NM,7.114507345131963,56.756101198712486
"Imperial Circus Dead Decadence - Yomi yori Kikoyu, Koukoku no Tou to Honoo no Shoujo. [Marathon]",NM,7.834115156107909,50.31067043241178
Toby Fox - Rude Buster [Insane],HDDT,4.254694096435273,28.028574393542172
Serenity - Lionheart [Expert],HD,5.709619029031604,51.21132889538535
Kakka - lonely pirouette [gazimal's expert],NM,5.924863120270178,34.67674690585858
MIMI feat. Hatsune Miku - Ai no Sukima (Rock Cover) [Log Off Now's Expert],NM,5.916212651604204,30.216545735223416
xi remixed by cosMo@bousouP - FREEDOM DiVE [METAL DIMENSIONS] [METAL DIMENSIONS],NM,7.151588852232578,51.404657235220256
inabakumori - Tokoshizume [Mahiru's Expert],HD,5.121103680285343,29.893625673425106
Mio Yamazaki - Noise (English ver.) [Extreme],NM,6.871458122200871,26.5812132903207
sHimaU - Slotcore is Dead [Poltergeist],NM,6.979193822561406,43.21122701359921
kors k - Playing With Fire [toying with flame],NM,6.233767004144073,39.19552769494744
technoplanet - Juvenile [Extra],HR,5.818159695827312,46.40209711339172
The Cro-Magnons - Totsugeki Rock [Sotarks no Jutsu],HR,6.454149222730589,27.27551860543035
Rings of Saturn - Senseless Massacre [Daiyousei's Extra],NF,6.428424909612308,42.23505905857789
Various Artists - Jump Training Collection #4 [Level 5 - Psycho],NM,7.659137085786016,31.559319193076497
"Poppin'Party - Initial [Even now, I'm searching for you.]",HD,6.622020379828697,27.141764185578147
RIOT - Overkill [Start operation],NM,5.666723647927007,30.391999516018807
ShinRa-Bansho - Muishiki Requiem [lu^3's Extra],NM,5.983236339305602,32.532271952846166
Chroma - Still Believe [Final Hope],NM,6.419061448749926,34.40330280118807
Serenity - Lionheart [Expert],NM,5.709619029031604,51.261969692533626
Team Nekokan - Can't Defeat Airman [Holy Shit! It's Airman!!],NM,7.028291067000708,35.862313112322184
PORNOFIL'MY - Kto Vse Eti Lyudi? [Daycore's Independence?],NM,6.060652599837366,32.47060713719838
Natsu - Regression [Pure Culmination],NM,6.295486180788746,37.65555201417475
inabakumori - Lost Umbrella [Jounzan's PTSD Extra],NM,5.870945233631288,31.21554795504177
SOUND HOLIC Vs. T.Kakuta feat. YURiCa - TOXIC VIBRATION (extend ver.) [WARNING?],NM,6.935541011816427,41.288182394223824
Station Earth - Cold Green Eyes ft. Roos Denayer [Divine],NM,5.134487005171375,24.871403084753215
Remo Prototype[CV: Hanamori Yumiri] - Sendan Life [Crystal's Garakowa],NM,6.191417512295748,27.205559174170503
Atsushi - Kessen [Ultra],NM,6.319850134917686,29.504736627787484
Srav3R - Funk Vibes [FUNKY],NM,6.335094375289893,25.314864152071287
gmtn. (witch's slave) - Daraku no Sono [LXH Cat's Hard],HDHRSD,3.3538176458015045,20.913795418671935
Diao Ye Zong feat. Meramipop - Saifu 'Kamiasobi no Uta' [Distant Dream],HDNFV2,4.652071215599438,28.41976129062796
Yuyoyuppe - Palette GAMMA [Visions],NM,7.54041663993006,53.43125782111588
yuikonnu - Ghost Rule [Classic Extra],NM,6.67361878318918,35.49494158427567
THE ORAL CIGARETTES - Mou Ii kai? [NiVo's Extra],HDNC,5.837338829344761,42.42359636439149
bibuko - Reizouko Mitara Pudding ga Nai [Alphabet's Extra],NM,5.534150148433003,36.854475104363175
Tatsh - Xevel [-Tynamo's Insane],DT,4.650197406767209,31.529548882139647
XX:me - Escape [Freedom],NM,6.282885220983353,26.314601015636633
gmtn. (witch's slave) - Illegal Paradise (Grimoire rmx) [Insane],HDHR,4.877951861037113,31.826889231404856
Hanatan - Kotoba Tsunagi [Sakura],HD,4.624231483345601,25.665818135145358
Roselia - Six Trillion Years and Overnight Story [Future],NM,6.3378551766246645,37.83928288361227
Loki - Wizard's Tower [Ultimate Magic],NM,6.284486193426295,22.669051888843555
Serenity - Lionheart [Extreme],NM,6.442489525638989,52.18207288293141
nameless - Milk Crown on Sonnetica [MiLk ShAke 9*],NM,8.997230587191112,31.893947694556502
Wolpis Kater - Kuusou Ressha [Expert],HDHRNF,6.0445558914011865,37.1094754584914
Afilia Saga - Neptune*Sagashite [Insane],HDDT,4.024137900123353,28.43248979474079
Mandragora - Galactic Symphony [Cosmic Orchestration],NM,6.338796910627288,41.07678749318944
Seishun Buta Yarou Cast - Fukashigi no Karte [Uyamuya],NM,3.612963046116041,16.33892993351744
Vickeblanka - Black Rover (TV Size) [Extra],DTNF,6.347328215084255,25.66403271951448
Vickeblanka - Black Rover (TV Size) [Extreme],NM,7.002059015533613,26.54148753584355
Umeboshi Chazuke - Wakare no Namida wa Mata Au Hi made [Zizou's Extra],NM,6.4264107784733735,36.29461474417947
ONE OK ROCK - One by One [Sotarks' Rampage],HRNF,6.455847472967109,25.619318881645874
ryu5150 - Louder than steel [Stainless Heart],HD,7.104652497222707,51.41232223702784
Digital Sexy - Til Death (Nightcore Mix) [Reform's Insane],DT,4.374410296332707,22.26665741784246
Primary - Sweets Weekend [Insane],HDNC,4.208114783949574,24.90253280520719
RADWIMPS - Hikari [Ipas' Expert],NM,5.142103964272067,27.50690673800552
Pokapoka Ion - Yajirushi-> (TV Size) [zhui's Insane],NM,4.837324413146196,29.217483952331502
ClariS - Hitorigoto -TV MIX- [Kencho's Insane],DTHR,4.796198932540722,27.60383323886314
MIMI feat. Hatsune Miku - Mizuoto to Curtain [Sabishii],NM,5.668178311878547,29.47810231837231
Multiple Artists - thing [lol 235],HD,6.8005630136171416,53.205839121964814
Renard - Why Am I So Angry [Extra],NM,5.103399816882579,24.187381552249313
Yusuke - V (TV Size) [Taeyang's Extra],NM,5.977745550425905,20.316600008690592
Nakanoke no Itsutsugo - Gotoubun no Kimochi [Extra: Nino],HDDT,6.03324326502652,32.26229898013605
"Fear, and Loathing in Las Vegas - Let Me Hear [Extra]",NM,4.7359855966454,27.376053594849836
VINXIS - Sidetracked Day (Short Ver.) [Deflected Journey],NM,6.772904968518166,53.01336842514566
Nayugorou - White Promise [Memories],NM,5.687372961179706,34.46684741497039
"Wakeshima Kanon - World's End, Girl's Rondo(Asterisk DnB Remix) [We cry ""OPEN""]",HDDT,5.590392537652454,31.417156120606812
Vickeblanka - Black Rover (TV Size) [Extra],HDDT,6.347328215084255,25.64107845428386
CHiCO with HoneyWorks - Kessen Spirit [Not DT Farmer's Extra],HR,5.823491852592969,29.603337492791773
Avicii - Addicted To You [Hard],NM,2.892769899380668,16.714099158532605
Calliope Mori x Gawr Gura x DECO*27 - Q [R.I.P.],NM,5.546782914976789,26.115081717629703
Blend A - Bon Appetit S (TV Size ver) [Left's Sadistic],HD,5.346572088102751,28.650809746741018
Sabaton - Twilight Of The Thunder God [Ragnarok awaits],HRNF,6.460394149936127,53.597426854844656
litmus* as Ester - Krave [Collab Expert],NM,5.336431111068299,30.745383947435805
Camellia - Compute It With Some Devilish Alcoholic Steampunk Engines [JayBone's Extra],NM,5.453647375878543,31.841345701314687
UNDEAD CORPORATION - Frozen [Everything Will Freeze],NM,7.560603014575438,48.10128251458134
Hatsuki Yura - Muma Cauchemar [Nightmare],NM,5.641168621005473,38.93656613218843
II-L - LEVEL-DOWN [Equalize],NM,4.73970223696105,44.123663599160594
Amatsuki - DORAEMON [A r Mevo's Insane],DT,4.437388914216176,21.198122012327484
MOMOIRO CLOVER Z - SANTA SAN [1-2-SANTA],DT,6.31782603717497,25.83437109085584
765 MILLION ALLSTARS - UNION!! [One in a MILLION!!],HD,6.386063635012934,33.981539607388555
Kano - Yuudachi no Ribbon [Extreme],NM,6.917705221880507,28.779493674910626
Demetori - Shinkou wa Hakanaki Ningen no Tame ni ~ Jehovah's YaHVeH [Wind Priestess],NM,5.6023452346220335,41.32261205272947
LOONA - Hi High (Sewerslvt Remix) [Nightmare],NM,6.094646086542678,33.91865166777218
M.Iz - Kakenukeru Anime Song Medley IV [TWO DIMENSIONS],HDHR,5.402560266170441,34.097810811947895
Linked Horizon - Jiyuu no Tsubasa (TV Size) [0108],NM,4.149994270739616,29.46999972430568
40mP feat. yuikonnu - Ame to Asphalt [Rain],EZDT,6.265702536619945,26.40144022027129
Colors*Slash - Colors Power ni Omakasero! [Mitsuboshi Jump!],NM,6.152124002147527,25.061229195818804
Sumizome Nozomi (CV: Uehara Aoi) - Kokochi Ii Nichijou [Insane],HDDT,4.254137614086607,28.715435914270273
ONE OK ROCK - One by One [Kowali's Expert],NC,5.238669920436924,21.52905399278316
Hana - Sakura no Uta [Light Insane],DT,3.7073661115612113,19.08794445602663
Yellow Zebra - Koi no Flame [Lunatic],DT,4.602162125885193,26.616637302240193
UNDEAD CORPORATION - Everything will freeze [Freezing],NM,6.615449299489992,43.8084638448658
Omoi - Hey William (New Translation) [Smokeman's Dark Light Insane],DT,3.994404870109327,21.370330676292564
t+pazolite feat. Rizna - Distorted Lovesong [Love],HDHR,5.834390376331596,31.601904841973948
Suzuki Konomi - Realize (TV Size) [Grasp of the Undying],NM,6.303162442349645,27.94214963558045
OwataP - Turkish March - Owata \(^o^)/ [<Normal Mode>],NM,5.861852271516427,33.28984467069972
Camellia - Proluvies [Leader's Insane],NM,4.341513842373808,30.9854619672361
Doja Cat - Boss Bitch [Insane],NM,3.562444762693587,28.001451083260275
stream maps - BPM180-200 stream [BPM184 reunion by ouranhshc],NM,5.001380425628464,47.8824928662618
"MC Franciszek - Dobry Jezu (DnB Remix) [Wieczne spoczywanie, elo]",EZDT,6.0102235974215095,32.08925523362759
"Tomita Miyu, Sasahara Yuu, Lynn, Waki Azumi - +Kyuutie Ladies+ (TV Size) [Vampire Loli]",HDDT,5.276077235158953,23.82146427550726
cYsmix - Dovregubben's Hall [Insane],DT,3.8681376522219497,27.426384254313056
tokken - tokken [tokken],NM,6.923842802476449,34.206676492807276
ONE OK ROCK - One by One [Insane],NM,4.587122650712971,21.33937474439918
Hsinto & Qrest - Ouroboros -single Stroke Of The End- [CrucifiXion],NM,5.721698151306573,34.39209177347887
Camellia - +ERABY+E CONNEC+10N [OU+W0RLD D1REC+10N],HDNF,7.908561762341974,36.53663153716646
Nhato - Gekka [zerooooo],NM,6.8260477894540585,33.97003927294033
wa. vs. ETIA. - Akasagarbha -extended mix- [Chronoshift],NM,5.398531092198954,33.730068553959455
RADWIMPS - Zen Zen Zense (movie ver.) [Kalibe's Hard],NM,3.289934249380053,16.22231401325043
Suzuyu - Euphorium [White Star],NM,6.136551654975128,29.36959544908506
nao - Toaru Shoukoku no Ohimesama ga... [Princess],HD,6.750555419500284,33.501725209881585
DIVELA feat. Hatsune Miku - Beat Syncer [Insane],NM,4.796788570989012,21.113542332929725
t+pazolite - Oshama Scramble! (IOException Edit) [Keitaro's Expert],NM,6.363593402066769,26.949449176819787
II-L - Asteroid Field of DECAPLETS [X],NM,7.085318914353563,39.81892363298526
Nogizaka46 - Yubi Bouenkyou [Sotarks' New Adventure],DT,6.165917107260821,27.828451374049557
Tsukuyomi - Moonlight at midday [climb's Hard],DT,3.348692772232749,23.43017033957476
supercell - My Dearest (TV Edit) [Guilt],HDDT,5.044556589670759,34.71343902976289
BUD VIRGIN LOGIC - x Senritsu -Schlehit Melodie- [Kneel Before Me],NM,6.437932972504808,36.25910273828364
"$44,000 - #pumpmycrunkbeetz [GOOSE]",NM,6.541178857315538,29.649022727166184
HARU NEMURI - Trust Nothing but Love [My World],NM,8.53422190619509,33.564832797691096
earthmind - Another Heaven -game Ver.- [Desire],HD,5.113618443110544,27.915969212609316
PinocchioP - sukisukisukisukisukisukisukisukisukisuki [<3 <3 <3 <3 <3 <3 <3 <3 <3],NM,8.182231542393438,46.87669959056775
Camellia - Xeroa [Muya's VIVID+],NF,9.706144713357729,48.83437208675031
"Numakura Manami, Seto Asami, Fuchigami Mai - Justability [Amamiya Nathan's Shooting Star]",NM,6.406875849196108,29.149286795133644
Fleshgod Apocalypse - The Deceit [pishi's Extra],NM,6.32692739808388,39.430424396576896
MAXIMUM THE HORMONE - ChuChu Lovely MuniMuni MuraMura PrinPrin Boron Nururu ReroRero (Chiptune Cover) [Reform's Extreme],NM,6.892445087038912,24.927972337789125
UNDEAD CORPORATION - Frozen [Collab Insane],NM,4.144979178441705,19.30298502680016
Rita - dorchadas [frozz's hard],DT,3.11064738380055,17.784266008320138
Seiryu - AO-Infinity [Refraction],NM,7.034864023788316,32.67130918820476
Nakamura Meiko - Core of Spark [Dash the Heart],NM,6.452988455987439,26.233470862103424
AliA - utopia [Feelings],NM,6.475010917467281,34.02494254453654
siromaru + cranky - conflict [Insane],HD,4.429631232359034,27.540833832378674
Mitsuki Kotono - Fuyu ni Saku Hana [Insane],HDDT,4.807433068177605,27.89416594851017
Cuco - Melting [Extra],NC,5.790834797922638,26.765328476795244
Geri Halliwell - It's Raining Men [Leave Those Umbrellas At Home],HDHR,9.894438547967528,33.23076476041776
TIN - Ticking (speed up ver.) [extra],NM,5.747593150356208,33.037925413638916
Sex Whales & Fraxo - Dead To Me (feat. Lox Chatterbox) [extrad1881 (ar 10)],NM,7.615875562472373,26.89901833166156
THE ORAL CIGARETTES - Monster Effect [Sotarks' Cataclysm],NM,6.462370617335639,32.27116222370936
TUYU - Namikare [Withering Tears],NM,6.976028127384328,39.04621171601506
Sakamoto Maaya - Okaerinasai (tomatomerde Remix) [Big Sis RoniX (welcomes you home)],NM,4.897247062850499,21.556401865602684
UNDEAD CORPORATION - The Empress [Ripples of 495 Years],NM,7.59108483552067,45.12866272432262
Syaro(CV.Uchida Maaya) - Caffeine Fighter [Momoka's Insane],HDDT,4.225348145807351,29.188594206553063
Unlucky Morpheus - FAITH [MOUNTAIN OF FAITH],NM,6.670971704823861,46.618867476614064
HARU NEMURI - Trust Nothing but Love [My World],HD,8.53422190619509,33.5395540742188
Mahiru - Taishou x [Extra],HR,5.182774774037383,25.901921387068757
Umeboshi Chazuke - Owari to Hajimari no Oto [New Beginning!],NM,6.980986293769886,36.359545940239215
Duca - TriColour Heartbeat [Kibb's Insane],HD,4.454454548609698,25.643723667455976
Sewerslvt - Kawaii Razor Blades (Astrophysics Remix) [Outskvrts of Sanity],NM,5.571426196610636,52.08296463591511
SOOOO - Happppy song [happy birthday to me.],NM,8.00547712618646,27.15589631872492
Fall Out Boy - Alone Together (Krewella Remix) [Extra],NM,5.404962289177171,31.179040316721803
Akiyama Mio (CV: Hikasa Yoko) - Heart Goes Boom!! [GAME Mix] [Kencho's Extra],HDDT,5.24546247027917,27.95143465252535
Neru x Rib - Jinsei wa Hoeru [pishi's Extra],HD,5.264856750164634,24.41623240801149
Green Day - American Idiot [Xahlt's Normal],NM,2.303385501304231,19.90214546367738
Utah Saints - Something Good '08 (Radio Edit) [Running Child],HRNF,6.567178551629943,35.910977694726995
yanaginagi - Sentimental [Insane],DT,4.492814224748546,31.885831928423475
Mrs. GREEN APPLE - Inferno (TV Size) [Fire Force],NM,4.713284815702212,24.457401765274973
THE ORAL CIGARETTES - CATCH ME [NiNo's Insane],NM,4.46624102972044,34.494549975899176
ONE OK ROCK - Start Again [Another],HDDT,5.21884400289108,25.63136839204682
Various Artists - Arphimigon Collection Two [Techno Kitty],NM,7.058405861783671,32.08094380497995
BABYMETAL - Gimme chocolate!! [EXTRA!!],HDDT,5.100927034022174,24.542503535131683
Various Artists - Stream Practice Maps 2 [FREEDOM DiVE BPM222.22],NM,6.082090026317918,63.33790742359455
Morimori Atsushi - Toono Gensou Monogatari (MRM REMIX) [Extra],HRNFV2,5.660056424803759,36.95806379645834
RADWIMPS - Yume Tourou [Walao's Light Insane],NM,4.004424506539047,24.425878207303686
Nakagawa Shoko - Sorairo Days [Collab Insane],HD,4.841940620821019,31.445350695304185
Nanashi Mumei - A New Start [Exploring for Even More],HDDT,4.355552736937511,26.38287186710385
Luna - Toki to Uta (Sped Up Ver.) [Extra],NM,6.642990650147454,32.84719870039679
Crywolf - Eyes Half Closed [Remap],HDDT,5.460696398773201,28.930452272456115
xi - Blue Zenith [FOUR DIMENSIONS],NF,6.776391507985391,49.089659914719284
Aether Realm - Swampwitch [Extra],HD,5.868638019821398,29.625514026667304
Tatsh - Xevel [Extra],HDDT,5.381875350044293,37.70735227806008
sawawa - Fire in the Phoenix [Eternal],NM,8.483198234379678,43.49822388522621
Saint Snow - DROPOUT!? [GO TO THE WORLD!?],NM,6.785496225609814,48.02638734617058
Logic - One Day ft. Ryan Tedder [ok this is epic],NM,6.665244421373795,23.393087135176536
GALNERYUS - RAISE MY SWORD [A THOUSAND FLAMES],NM,7.509694592036785,49.58254851807678
tokken - tokken [tokken],NM,6.923842802476449,34.206676492807276
FROZEN QUALIA - M'aider [Wish],NM,6.602335931794211,26.068936840722017
technoplanet - Juvenile [Extra],NM,5.818159695827312,46.40995357453089
3 Nen E Gumi Utatan - Bye Bye YESTERDAY (TV Size) [Infraction],HDDT,5.44317874025769,24.67833582239281
Chikamori Kayako - Kigurumi Sungeki [Collab Special],NM,5.389146415414043,29.043011179233176
Tanya Degurechaff (CV: Yuki Aoi) - Los! Los! Los! [Hard],NM,3.780224356304079,19.30281497012601
Seu Jorge - Amiga da minha mulher [Eu pego!],NM,6.363246890255688,27.652956360780294
Tech N9ne - Speedom (WWC2) (feat. Eminem & Krizz Kaliko) [Extreme],NM,5.8561712873096265,30.15501370572753
THE ORAL CIGARETTES - 5150 [Collab Extra],NM,5.470564988886355,26.218255345836138
"Imperial Circus Dead Decadence - Yomi yori Kikoyu, Koukoku no Tou to Honoo no Shoujo. [Reverberation]",NM,6.8099895259797405,28.662170175935447
Kurokotei - Galaxy Collapse [Galaxy],NF,9.407500092652796,31.607950671446424
REDALiCE - Pekorap Tropical House Remix [Universal Daikaiten Peko Peko no Mai],EZDT,6.948137533917508,26.492685871808966
"PinocchioP - God-ish feat. Hatsune Miku [""       ""]",NM,5.9961717235622665,31.890154902464392
Hana - Sakura no Uta [Euphoria],NM,5.590860004997763,25.299631578693692
Foreground Eclipse - I Bet You'll Forget That Even If You Noticed That [Each And Every Word Leaves Me Here Alone],NM,7.084533494911701,37.24437353096056
HO-KAGO TEA TIME - Kira Kira Days (Cut Ver.) [Shiawase!],NM,6.205394142852292,24.313561127923165
Amatsuki - DORAEMON [Best Friend],DT,5.387872986216004,26.86381612136976
kradness&Reol - Remote Control [Max Control!],NM,5.724851834273454,26.57619415756215
Poppin'Party - KIZUNA MUSIC [Trust],HD,6.476501217177822,30.808469691649556
Sakaue Nachi - Crazy Hot [Lunatic],NM,4.339693887617663,32.12787287765616
xi remixed by cosMo@bousouP - FREEDOM DiVE [METAL DIMENSIONS] [METAL DIMENSIONS],NM,7.151588852232578,51.404657235220256
